,Country Name,Country Code,Year,variable,amount,issuer_type,currency,bond_label,EPI,EPI World average,EPI gap from World average,EPI ASEAN+3 average,EPI gap from ASEAN+3 average
0,Indonesia,IDN,2016,govt_fcy_green,0.0,govt,fcy,green,65.85,68.06548192771085,-2.2154819277108544,68.159,-2.3090000000000117
1,Indonesia,IDN,2017,govt_fcy_green,0.0,govt,fcy,green,,,,,
2,Indonesia,IDN,2018,govt_fcy_green,1250.0,govt,fcy,green,46.92,56.78403614457831,-9.864036144578307,54.802,-7.881999999999998
3,Indonesia,IDN,2019,govt_fcy_green,750.0,govt,fcy,green,,,,,
4,Indonesia,IDN,2020,govt_fcy_green,750.0,govt,fcy,green,37.8,47.19638554216868,-9.39638554216868,47.1,-9.300000000000004
5,Indonesia,IDN,2021,govt_fcy_green,750.0,govt,fcy,green,,,,,
6,Indonesia,IDN,2022,govt_fcy_green,1500.0,govt,fcy,green,28.2,43.137951807228916,-14.937951807228917,36.61,-8.41
7,Indonesia,IDN,2023,govt_fcy_green,1147.2262,govt,fcy,green,,,,,
8,Indonesia,IDN,2024,govt_fcy_green,759.3575,govt,fcy,green,33.6,47.23132530120482,-13.631325301204818,39.95,-6.350000000000001
9,Japan,JPN,2016,govt_fcy_green,0.0,govt,fcy,green,80.59,68.06548192771085,12.524518072289155,68.159,12.430999999999997
10,Japan,JPN,2017,govt_fcy_green,89.6571,govt,fcy,green,,,,,
11,Japan,JPN,2018,govt_fcy_green,89.0,govt,fcy,green,74.69,56.78403614457831,17.90596385542169,54.802,19.887999999999998
12,Japan,JPN,2019,govt_fcy_green,94.0,govt,fcy,green,,,,,
13,Japan,JPN,2020,govt_fcy_green,646.8519,govt,fcy,green,75.1,47.19638554216868,27.903614457831317,47.1,27.999999999999993
14,Japan,JPN,2021,govt_fcy_green,688.21,govt,fcy,green,,,,,
15,Japan,JPN,2022,govt_fcy_green,1823.458,govt,fcy,green,57.2,43.137951807228916,14.062048192771087,36.61,20.590000000000003
16,Japan,JPN,2023,govt_fcy_green,1102.6141,govt,fcy,green,,,,,
17,Japan,JPN,2024,govt_fcy_green,542.7,govt,fcy,green,61.4,47.23132530120482,14.16867469879518,39.95,21.449999999999996
18,Cambodia,KHM,2016,govt_fcy_green,0.0,govt,fcy,green,51.24,68.06548192771085,-16.825481927710847,68.159,-16.919000000000004
19,Cambodia,KHM,2017,govt_fcy_green,0.0,govt,fcy,green,,,,,
20,Cambodia,KHM,2018,govt_fcy_green,0.0,govt,fcy,green,43.23,56.78403614457831,-13.554036144578312,54.802,-11.572000000000003
21,Cambodia,KHM,2019,govt_fcy_green,0.0,govt,fcy,green,,,,,
22,Cambodia,KHM,2020,govt_fcy_green,0.0,govt,fcy,green,33.6,47.19638554216868,-13.596385542168676,47.1,-13.5
23,Cambodia,KHM,2021,govt_fcy_green,0.0,govt,fcy,green,,,,,
24,Cambodia,KHM,2022,govt_fcy_green,0.0,govt,fcy,green,30.1,43.137951807228916,-13.037951807228914,36.61,-6.509999999999998
25,Cambodia,KHM,2023,govt_fcy_green,0.0,govt,fcy,green,,,,,
26,Cambodia,KHM,2024,govt_fcy_green,0.0,govt,fcy,green,31.2,47.23132530120482,-16.03132530120482,39.95,-8.750000000000004
27,South Korea,KOR,2016,govt_fcy_green,400.0,govt,fcy,green,70.61,68.06548192771085,2.5445180722891507,68.159,2.4509999999999934
28,South Korea,KOR,2017,govt_fcy_green,398.7306,govt,fcy,green,,,,,
29,South Korea,KOR,2018,govt_fcy_green,700.0,govt,fcy,green,62.3,56.78403614457831,5.515963855421688,54.802,7.4979999999999976
30,South Korea,KOR,2019,govt_fcy_green,612.55,govt,fcy,green,,,,,
31,South Korea,KOR,2020,govt_fcy_green,1058.03,govt,fcy,green,66.5,47.19638554216868,19.303614457831323,47.1,19.4
32,South Korea,KOR,2021,govt_fcy_green,4804.675,govt,fcy,green,,,,,
33,South Korea,KOR,2022,govt_fcy_green,3380.1946,govt,fcy,green,46.9,43.137951807228916,3.7620481927710827,36.61,10.29
34,South Korea,KOR,2023,govt_fcy_green,2259.0916,govt,fcy,green,,,,,
35,South Korea,KOR,2024,govt_fcy_green,466.69,govt,fcy,green,50.6,47.23132530120482,3.368674698795182,39.95,10.649999999999999
36,Laos,LAO,2016,govt_fcy_green,0.0,govt,fcy,green,50.29,68.06548192771085,-17.77548192771085,68.159,-17.869000000000007
37,Laos,LAO,2017,govt_fcy_green,0.0,govt,fcy,green,,,,,
38,Laos,LAO,2018,govt_fcy_green,0.0,govt,fcy,green,42.94,56.78403614457831,-13.844036144578311,54.802,-11.862000000000002
39,Laos,LAO,2019,govt_fcy_green,0.0,govt,fcy,green,,,,,
40,Laos,LAO,2020,govt_fcy_green,0.0,govt,fcy,green,34.8,47.19638554216868,-12.39638554216868,47.1,-12.300000000000004
41,Laos,LAO,2021,govt_fcy_green,0.0,govt,fcy,green,,,,,
42,Laos,LAO,2022,govt_fcy_green,0.0,govt,fcy,green,30.7,43.137951807228916,-12.437951807228917,36.61,-5.91
43,Laos,LAO,2023,govt_fcy_green,0.0,govt,fcy,green,,,,,
44,Laos,LAO,2024,govt_fcy_green,0.0,govt,fcy,green,26.3,47.23132530120482,-20.93132530120482,39.95,-13.650000000000002
45,Malaysia,MYS,2016,govt_fcy_green,0.0,govt,fcy,green,74.23,68.06548192771085,6.164518072289155,68.159,6.070999999999998
46,Malaysia,MYS,2017,govt_fcy_green,0.0,govt,fcy,green,,,,,
47,Malaysia,MYS,2018,govt_fcy_green,0.0,govt,fcy,green,59.22,56.78403614457831,2.43596385542169,54.802,4.417999999999999
48,Malaysia,MYS,2019,govt_fcy_green,0.0,govt,fcy,green,,,,,
49,Malaysia,MYS,2020,govt_fcy_green,0.0,govt,fcy,green,47.9,47.19638554216868,0.7036144578313213,47.1,0.7999999999999972
50,Malaysia,MYS,2021,govt_fcy_green,0.0,govt,fcy,green,,,,,
51,Malaysia,MYS,2022,govt_fcy_green,0.0,govt,fcy,green,35.0,43.137951807228916,-8.137951807228916,36.61,-1.6099999999999994
52,Malaysia,MYS,2023,govt_fcy_green,0.0,govt,fcy,green,,,,,
53,Malaysia,MYS,2024,govt_fcy_green,0.0,govt,fcy,green,41.0,47.23132530120482,-6.231325301204819,39.95,1.0499999999999972
54,Philippines,PHL,2016,govt_fcy_green,0.0,govt,fcy,green,73.7,68.06548192771085,5.634518072289154,68.159,5.540999999999997
55,Philippines,PHL,2017,govt_fcy_green,0.0,govt,fcy,green,,,,,
56,Philippines,PHL,2018,govt_fcy_green,0.0,govt,fcy,green,57.65,56.78403614457831,0.8659638554216897,54.802,2.847999999999999
57,Philippines,PHL,2019,govt_fcy_green,0.0,govt,fcy,green,,,,,
58,Philippines,PHL,2020,govt_fcy_green,0.0,govt,fcy,green,38.4,47.19638554216868,-8.796385542168679,47.1,-8.700000000000003
59,Philippines,PHL,2021,govt_fcy_green,0.0,govt,fcy,green,,,,,
60,Philippines,PHL,2022,govt_fcy_green,0.0,govt,fcy,green,28.9,43.137951807228916,-14.237951807228917,36.61,-7.710000000000001
61,Philippines,PHL,2023,govt_fcy_green,0.0,govt,fcy,green,,,,,
62,Philippines,PHL,2024,govt_fcy_green,0.0,govt,fcy,green,32.1,47.23132530120482,-15.131325301204818,39.95,-7.850000000000001
63,Singapore,SGP,2016,govt_fcy_green,0.0,govt,fcy,green,87.04,68.06548192771085,18.974518072289158,68.159,18.881
64,Singapore,SGP,2017,govt_fcy_green,0.0,govt,fcy,green,,,,,
65,Singapore,SGP,2018,govt_fcy_green,0.0,govt,fcy,green,64.23,56.78403614457831,7.445963855421695,54.802,9.428000000000004
66,Singapore,SGP,2019,govt_fcy_green,0.0,govt,fcy,green,,,,,
67,Singapore,SGP,2020,govt_fcy_green,0.0,govt,fcy,green,58.1,47.19638554216868,10.903614457831324,47.1,11.0
68,Singapore,SGP,2021,govt_fcy_green,0.0,govt,fcy,green,,,,,
69,Singapore,SGP,2022,govt_fcy_green,0.0,govt,fcy,green,50.9,43.137951807228916,7.762048192771083,36.61,14.29
70,Singapore,SGP,2023,govt_fcy_green,0.0,govt,fcy,green,,,,,
71,Singapore,SGP,2024,govt_fcy_green,0.0,govt,fcy,green,53.0,47.23132530120482,5.768674698795181,39.95,13.049999999999997
72,Thailand,THA,2016,govt_fcy_green,0.0,govt,fcy,green,69.54,68.06548192771085,1.4745180722891575,68.159,1.3810000000000002
73,Thailand,THA,2017,govt_fcy_green,0.0,govt,fcy,green,,,,,
74,Thailand,THA,2018,govt_fcy_green,0.0,govt,fcy,green,49.88,56.78403614457831,-6.904036144578306,54.802,-4.921999999999997
75,Thailand,THA,2019,govt_fcy_green,0.0,govt,fcy,green,,,,,
76,Thailand,THA,2020,govt_fcy_green,0.0,govt,fcy,green,45.4,47.19638554216868,-1.7963855421686787,47.1,-1.7000000000000028
77,Thailand,THA,2021,govt_fcy_green,0.0,govt,fcy,green,,,,,
78,Thailand,THA,2022,govt_fcy_green,0.0,govt,fcy,green,38.1,43.137951807228916,-5.0379518072289144,36.61,1.490000000000002
79,Thailand,THA,2023,govt_fcy_green,0.0,govt,fcy,green,,,,,
80,Thailand,THA,2024,govt_fcy_green,0.0,govt,fcy,green,45.7,47.23132530120482,-1.5313253012048165,39.95,5.75
81,Viet Nam,VNM,2016,govt_fcy_green,0.0,govt,fcy,green,58.5,68.06548192771085,-9.565481927710849,68.159,-9.659000000000006
82,Viet Nam,VNM,2017,govt_fcy_green,0.0,govt,fcy,green,,,,,
83,Viet Nam,VNM,2018,govt_fcy_green,0.0,govt,fcy,green,46.96,56.78403614457831,-9.824036144578308,54.802,-7.841999999999999
84,Viet Nam,VNM,2019,govt_fcy_green,0.0,govt,fcy,green,,,,,
85,Viet Nam,VNM,2020,govt_fcy_green,0.0,govt,fcy,green,33.4,47.19638554216868,-13.796385542168679,47.1,-13.700000000000003
86,Viet Nam,VNM,2021,govt_fcy_green,0.0,govt,fcy,green,,,,,
87,Viet Nam,VNM,2022,govt_fcy_green,0.0,govt,fcy,green,20.1,43.137951807228916,-23.037951807228914,36.61,-16.509999999999998
88,Viet Nam,VNM,2023,govt_fcy_green,0.0,govt,fcy,green,,,,,
89,Viet Nam,VNM,2024,govt_fcy_green,0.0,govt,fcy,green,24.6,47.23132530120482,-22.631325301204818,39.95,-15.350000000000001
90,Indonesia,IDN,2016,corp_fcy_green,0.0,corp,fcy,green,65.85,68.06548192771085,-2.2154819277108544,68.159,-2.3090000000000117
91,Indonesia,IDN,2017,corp_fcy_green,0.0,corp,fcy,green,,,,,
92,Indonesia,IDN,2018,corp_fcy_green,580.0,corp,fcy,green,46.92,56.78403614457831,-9.864036144578307,54.802,-7.881999999999998
93,Indonesia,IDN,2019,corp_fcy_green,0.0,corp,fcy,green,,,,,
94,Indonesia,IDN,2020,corp_fcy_green,1110.0,corp,fcy,green,37.8,47.19638554216868,-9.39638554216868,47.1,-9.300000000000004
95,Indonesia,IDN,2021,corp_fcy_green,0.0,corp,fcy,green,,,,,
96,Indonesia,IDN,2022,corp_fcy_green,0.0,corp,fcy,green,28.2,43.137951807228916,-14.937951807228917,36.61,-8.41
97,Indonesia,IDN,2023,corp_fcy_green,400.0,corp,fcy,green,,,,,
98,Indonesia,IDN,2024,corp_fcy_green,350.0,corp,fcy,green,33.6,47.23132530120482,-13.631325301204818,39.95,-6.350000000000001
99,Japan,JPN,2016,corp_fcy_green,500.0,corp,fcy,green,80.59,68.06548192771085,12.524518072289155,68.159,12.430999999999997
100,Japan,JPN,2017,corp_fcy_green,1282.75,corp,fcy,green,,,,,
101,Japan,JPN,2018,corp_fcy_green,2191.1886,corp,fcy,green,74.69,56.78403614457831,17.90596385542169,54.802,19.887999999999998
102,Japan,JPN,2019,corp_fcy_green,1452.7,corp,fcy,green,,,,,
103,Japan,JPN,2020,corp_fcy_green,988.15,corp,fcy,green,75.1,47.19638554216868,27.903614457831317,47.1,27.999999999999993
104,Japan,JPN,2021,corp_fcy_green,5829.085,corp,fcy,green,,,,,
105,Japan,JPN,2022,corp_fcy_green,10454.594,corp,fcy,green,57.2,43.137951807228916,14.062048192771087,36.61,20.590000000000003
106,Japan,JPN,2023,corp_fcy_green,6596.51,corp,fcy,green,,,,,
107,Japan,JPN,2024,corp_fcy_green,3999.75,corp,fcy,green,61.4,47.23132530120482,14.16867469879518,39.95,21.449999999999996
108,Cambodia,KHM,2016,corp_fcy_green,0.0,corp,fcy,green,51.24,68.06548192771085,-16.825481927710847,68.159,-16.919000000000004
109,Cambodia,KHM,2017,corp_fcy_green,0.0,corp,fcy,green,,,,,
110,Cambodia,KHM,2018,corp_fcy_green,0.0,corp,fcy,green,43.23,56.78403614457831,-13.554036144578312,54.802,-11.572000000000003
111,Cambodia,KHM,2019,corp_fcy_green,0.0,corp,fcy,green,,,,,
112,Cambodia,KHM,2020,corp_fcy_green,0.0,corp,fcy,green,33.6,47.19638554216868,-13.596385542168676,47.1,-13.5
113,Cambodia,KHM,2021,corp_fcy_green,0.0,corp,fcy,green,,,,,
114,Cambodia,KHM,2022,corp_fcy_green,0.0,corp,fcy,green,30.1,43.137951807228916,-13.037951807228914,36.61,-6.509999999999998
115,Cambodia,KHM,2023,corp_fcy_green,0.0,corp,fcy,green,,,,,
116,Cambodia,KHM,2024,corp_fcy_green,0.0,corp,fcy,green,31.2,47.23132530120482,-16.03132530120482,39.95,-8.750000000000004
117,South Korea,KOR,2016,corp_fcy_green,500.0,corp,fcy,green,70.61,68.06548192771085,2.5445180722891507,68.159,2.4509999999999934
118,South Korea,KOR,2017,corp_fcy_green,300.0,corp,fcy,green,,,,,
119,South Korea,KOR,2018,corp_fcy_green,1100.0,corp,fcy,green,62.3,56.78403614457831,5.515963855421688,54.802,7.4979999999999976
120,South Korea,KOR,2019,corp_fcy_green,3488.7,corp,fcy,green,,,,,
121,South Korea,KOR,2020,corp_fcy_green,782.66,corp,fcy,green,66.5,47.19638554216868,19.303614457831323,47.1,19.4
122,South Korea,KOR,2021,corp_fcy_green,9198.6135,corp,fcy,green,,,,,
123,South Korea,KOR,2022,corp_fcy_green,5400.32,corp,fcy,green,46.9,43.137951807228916,3.7620481927710827,36.61,10.29
124,South Korea,KOR,2023,corp_fcy_green,4119.67,corp,fcy,green,,,,,
125,South Korea,KOR,2024,corp_fcy_green,4211.95,corp,fcy,green,50.6,47.23132530120482,3.368674698795182,39.95,10.649999999999999
126,Laos,LAO,2016,corp_fcy_green,0.0,corp,fcy,green,50.29,68.06548192771085,-17.77548192771085,68.159,-17.869000000000007
127,Laos,LAO,2017,corp_fcy_green,0.0,corp,fcy,green,,,,,
128,Laos,LAO,2018,corp_fcy_green,0.0,corp,fcy,green,42.94,56.78403614457831,-13.844036144578311,54.802,-11.862000000000002
129,Laos,LAO,2019,corp_fcy_green,0.0,corp,fcy,green,,,,,
130,Laos,LAO,2020,corp_fcy_green,0.0,corp,fcy,green,34.8,47.19638554216868,-12.39638554216868,47.1,-12.300000000000004
131,Laos,LAO,2021,corp_fcy_green,0.0,corp,fcy,green,,,,,
132,Laos,LAO,2022,corp_fcy_green,228.0816,corp,fcy,green,30.7,43.137951807228916,-12.437951807228917,36.61,-5.91
133,Laos,LAO,2023,corp_fcy_green,96.5464,corp,fcy,green,,,,,
134,Laos,LAO,2024,corp_fcy_green,0.0,corp,fcy,green,26.3,47.23132530120482,-20.93132530120482,39.95,-13.650000000000002
135,Malaysia,MYS,2016,corp_fcy_green,0.0,corp,fcy,green,74.23,68.06548192771085,6.164518072289155,68.159,6.070999999999998
136,Malaysia,MYS,2017,corp_fcy_green,47.1457,corp,fcy,green,,,,,
137,Malaysia,MYS,2018,corp_fcy_green,0.0,corp,fcy,green,59.22,56.78403614457831,2.43596385542169,54.802,4.417999999999999
138,Malaysia,MYS,2019,corp_fcy_green,0.0,corp,fcy,green,,,,,
139,Malaysia,MYS,2020,corp_fcy_green,0.0,corp,fcy,green,47.9,47.19638554216868,0.7036144578313213,47.1,0.7999999999999972
140,Malaysia,MYS,2021,corp_fcy_green,0.0,corp,fcy,green,,,,,
141,Malaysia,MYS,2022,corp_fcy_green,0.0,corp,fcy,green,35.0,43.137951807228916,-8.137951807228916,36.61,-1.6099999999999994
142,Malaysia,MYS,2023,corp_fcy_green,0.0,corp,fcy,green,,,,,
143,Malaysia,MYS,2024,corp_fcy_green,0.0,corp,fcy,green,41.0,47.23132530120482,-6.231325301204819,39.95,1.0499999999999972
144,Philippines,PHL,2016,corp_fcy_green,0.0,corp,fcy,green,73.7,68.06548192771085,5.634518072289154,68.159,5.540999999999997
145,Philippines,PHL,2017,corp_fcy_green,0.0,corp,fcy,green,,,,,
146,Philippines,PHL,2018,corp_fcy_green,0.0,corp,fcy,green,57.65,56.78403614457831,0.8659638554216897,54.802,2.847999999999999
147,Philippines,PHL,2019,corp_fcy_green,1268.55,corp,fcy,green,,,,,
148,Philippines,PHL,2020,corp_fcy_green,300.0,corp,fcy,green,38.4,47.19638554216868,-8.796385542168679,47.1,-8.700000000000003
149,Philippines,PHL,2021,corp_fcy_green,400.0,corp,fcy,green,,,,,
150,Philippines,PHL,2022,corp_fcy_green,0.0,corp,fcy,green,28.9,43.137951807228916,-14.237951807228917,36.61,-7.710000000000001
151,Philippines,PHL,2023,corp_fcy_green,0.0,corp,fcy,green,,,,,
152,Philippines,PHL,2024,corp_fcy_green,0.0,corp,fcy,green,32.1,47.23132530120482,-15.131325301204818,39.95,-7.850000000000001
153,Singapore,SGP,2016,corp_fcy_green,0.0,corp,fcy,green,87.04,68.06548192771085,18.974518072289158,68.159,18.881
154,Singapore,SGP,2017,corp_fcy_green,1000.0,corp,fcy,green,,,,,
155,Singapore,SGP,2018,corp_fcy_green,154.5536,corp,fcy,green,64.23,56.78403614457831,7.445963855421695,54.802,9.428000000000004
156,Singapore,SGP,2019,corp_fcy_green,341.7,corp,fcy,green,,,,,
157,Singapore,SGP,2020,corp_fcy_green,325.0,corp,fcy,green,58.1,47.19638554216868,10.903614457831324,47.1,11.0
158,Singapore,SGP,2021,corp_fcy_green,1516.75,corp,fcy,green,,,,,
159,Singapore,SGP,2022,corp_fcy_green,340.1237,corp,fcy,green,50.9,43.137951807228916,7.762048192771083,36.61,14.29
160,Singapore,SGP,2023,corp_fcy_green,808.8098,corp,fcy,green,,,,,
161,Singapore,SGP,2024,corp_fcy_green,116.34,corp,fcy,green,53.0,47.23132530120482,5.768674698795181,39.95,13.049999999999997
162,Thailand,THA,2016,corp_fcy_green,0.0,corp,fcy,green,69.54,68.06548192771085,1.4745180722891575,68.159,1.3810000000000002
163,Thailand,THA,2017,corp_fcy_green,0.0,corp,fcy,green,,,,,
164,Thailand,THA,2018,corp_fcy_green,0.0,corp,fcy,green,49.88,56.78403614457831,-6.904036144578306,54.802,-4.921999999999997
165,Thailand,THA,2019,corp_fcy_green,0.0,corp,fcy,green,,,,,
166,Thailand,THA,2020,corp_fcy_green,0.0,corp,fcy,green,45.4,47.19638554216868,-1.7963855421686787,47.1,-1.7000000000000028
167,Thailand,THA,2021,corp_fcy_green,0.0,corp,fcy,green,,,,,
168,Thailand,THA,2022,corp_fcy_green,0.0,corp,fcy,green,38.1,43.137951807228916,-5.0379518072289144,36.61,1.490000000000002
169,Thailand,THA,2023,corp_fcy_green,0.0,corp,fcy,green,,,,,
170,Thailand,THA,2024,corp_fcy_green,0.0,corp,fcy,green,45.7,47.23132530120482,-1.5313253012048165,39.95,5.75
171,Viet Nam,VNM,2016,corp_fcy_green,0.0,corp,fcy,green,58.5,68.06548192771085,-9.565481927710849,68.159,-9.659000000000006
172,Viet Nam,VNM,2017,corp_fcy_green,0.0,corp,fcy,green,,,,,
173,Viet Nam,VNM,2018,corp_fcy_green,0.0,corp,fcy,green,46.96,56.78403614457831,-9.824036144578308,54.802,-7.841999999999999
174,Viet Nam,VNM,2019,corp_fcy_green,0.0,corp,fcy,green,,,,,
175,Viet Nam,VNM,2020,corp_fcy_green,0.0,corp,fcy,green,33.4,47.19638554216868,-13.796385542168679,47.1,-13.700000000000003
176,Viet Nam,VNM,2021,corp_fcy_green,200.0,corp,fcy,green,,,,,
177,Viet Nam,VNM,2022,corp_fcy_green,0.0,corp,fcy,green,20.1,43.137951807228916,-23.037951807228914,36.61,-16.509999999999998
178,Viet Nam,VNM,2023,corp_fcy_green,0.0,corp,fcy,green,,,,,
179,Viet Nam,VNM,2024,corp_fcy_green,0.0,corp,fcy,green,24.6,47.23132530120482,-22.631325301204818,39.95,-15.350000000000001
180,Indonesia,IDN,2016,govt_lcy_green,0.0,govt,lcy,green,65.85,68.06548192771085,-2.2154819277108544,68.159,-2.3090000000000117
181,Indonesia,IDN,2017,govt_lcy_green,0.0,govt,lcy,green,,,,,
182,Indonesia,IDN,2018,govt_lcy_green,0.0,govt,lcy,green,46.92,56.78403614457831,-9.864036144578307,54.802,-7.881999999999998
183,Indonesia,IDN,2019,govt_lcy_green,103.589,govt,lcy,green,,,,,
184,Indonesia,IDN,2020,govt_lcy_green,0.0,govt,lcy,green,37.8,47.19638554216868,-9.39638554216868,47.1,-9.300000000000004
185,Indonesia,IDN,2021,govt_lcy_green,0.0,govt,lcy,green,,,,,
186,Indonesia,IDN,2022,govt_lcy_green,482.2442,govt,lcy,green,28.2,43.137951807228916,-14.937951807228917,36.61,-8.41
187,Indonesia,IDN,2023,govt_lcy_green,1025.5205,govt,lcy,green,,,,,
188,Indonesia,IDN,2024,govt_lcy_green,389.924,govt,lcy,green,33.6,47.23132530120482,-13.631325301204818,39.95,-6.350000000000001
189,Japan,JPN,2016,govt_lcy_green,0.0,govt,lcy,green,80.59,68.06548192771085,12.524518072289155,68.159,12.430999999999997
190,Japan,JPN,2017,govt_lcy_green,267.4016,govt,lcy,green,,,,,
191,Japan,JPN,2018,govt_lcy_green,316.6619,govt,lcy,green,74.69,56.78403614457831,17.90596385542169,54.802,19.887999999999998
192,Japan,JPN,2019,govt_lcy_green,737.1383,govt,lcy,green,,,,,
193,Japan,JPN,2020,govt_lcy_green,2126.7071,govt,lcy,green,75.1,47.19638554216868,27.903614457831317,47.1,27.999999999999993
194,Japan,JPN,2021,govt_lcy_green,3466.997,govt,lcy,green,,,,,
195,Japan,JPN,2022,govt_lcy_green,2685.8979,govt,lcy,green,57.2,43.137951807228916,14.062048192771087,36.61,20.590000000000003
196,Japan,JPN,2023,govt_lcy_green,3920.0376,govt,lcy,green,,,,,
197,Japan,JPN,2024,govt_lcy_green,2385.4296,govt,lcy,green,61.4,47.23132530120482,14.16867469879518,39.95,21.449999999999996
198,Cambodia,KHM,2016,govt_lcy_green,0.0,govt,lcy,green,51.24,68.06548192771085,-16.825481927710847,68.159,-16.919000000000004
199,Cambodia,KHM,2017,govt_lcy_green,0.0,govt,lcy,green,,,,,
200,Cambodia,KHM,2018,govt_lcy_green,0.0,govt,lcy,green,43.23,56.78403614457831,-13.554036144578312,54.802,-11.572000000000003
201,Cambodia,KHM,2019,govt_lcy_green,0.0,govt,lcy,green,,,,,
202,Cambodia,KHM,2020,govt_lcy_green,0.0,govt,lcy,green,33.6,47.19638554216868,-13.596385542168676,47.1,-13.5
203,Cambodia,KHM,2021,govt_lcy_green,0.0,govt,lcy,green,,,,,
204,Cambodia,KHM,2022,govt_lcy_green,0.0,govt,lcy,green,30.1,43.137951807228916,-13.037951807228914,36.61,-6.509999999999998
205,Cambodia,KHM,2023,govt_lcy_green,0.0,govt,lcy,green,,,,,
206,Cambodia,KHM,2024,govt_lcy_green,0.0,govt,lcy,green,31.2,47.23132530120482,-16.03132530120482,39.95,-8.750000000000004
207,South Korea,KOR,2016,govt_lcy_green,0.0,govt,lcy,green,70.61,68.06548192771085,2.5445180722891507,68.159,2.4509999999999934
208,South Korea,KOR,2017,govt_lcy_green,0.0,govt,lcy,green,,,,,
209,South Korea,KOR,2018,govt_lcy_green,278.6162,govt,lcy,green,62.3,56.78403614457831,5.515963855421688,54.802,7.4979999999999976
210,South Korea,KOR,2019,govt_lcy_green,0.0,govt,lcy,green,,,,,
211,South Korea,KOR,2020,govt_lcy_green,170.4303,govt,lcy,green,66.5,47.19638554216868,19.303614457831323,47.1,19.4
212,South Korea,KOR,2021,govt_lcy_green,1805.6788,govt,lcy,green,,,,,
213,South Korea,KOR,2022,govt_lcy_green,902.1224,govt,lcy,green,46.9,43.137951807228916,3.7620481927710827,36.61,10.29
214,South Korea,KOR,2023,govt_lcy_green,1191.6504,govt,lcy,green,,,,,
215,South Korea,KOR,2024,govt_lcy_green,916.5862,govt,lcy,green,50.6,47.23132530120482,3.368674698795182,39.95,10.649999999999999
216,Laos,LAO,2016,govt_lcy_green,0.0,govt,lcy,green,50.29,68.06548192771085,-17.77548192771085,68.159,-17.869000000000007
217,Laos,LAO,2017,govt_lcy_green,0.0,govt,lcy,green,,,,,
218,Laos,LAO,2018,govt_lcy_green,0.0,govt,lcy,green,42.94,56.78403614457831,-13.844036144578311,54.802,-11.862000000000002
219,Laos,LAO,2019,govt_lcy_green,0.0,govt,lcy,green,,,,,
220,Laos,LAO,2020,govt_lcy_green,0.0,govt,lcy,green,34.8,47.19638554216868,-12.39638554216868,47.1,-12.300000000000004
221,Laos,LAO,2021,govt_lcy_green,0.0,govt,lcy,green,,,,,
222,Laos,LAO,2022,govt_lcy_green,0.0,govt,lcy,green,30.7,43.137951807228916,-12.437951807228917,36.61,-5.91
223,Laos,LAO,2023,govt_lcy_green,0.0,govt,lcy,green,,,,,
224,Laos,LAO,2024,govt_lcy_green,0.0,govt,lcy,green,26.3,47.23132530120482,-20.93132530120482,39.95,-13.650000000000002
225,Malaysia,MYS,2016,govt_lcy_green,0.0,govt,lcy,green,74.23,68.06548192771085,6.164518072289155,68.159,6.070999999999998
226,Malaysia,MYS,2017,govt_lcy_green,0.0,govt,lcy,green,,,,,
227,Malaysia,MYS,2018,govt_lcy_green,0.0,govt,lcy,green,59.22,56.78403614457831,2.43596385542169,54.802,4.417999999999999
228,Malaysia,MYS,2019,govt_lcy_green,0.0,govt,lcy,green,,,,,
229,Malaysia,MYS,2020,govt_lcy_green,0.0,govt,lcy,green,47.9,47.19638554216868,0.7036144578313213,47.1,0.7999999999999972
230,Malaysia,MYS,2021,govt_lcy_green,0.0,govt,lcy,green,,,,,
231,Malaysia,MYS,2022,govt_lcy_green,0.0,govt,lcy,green,35.0,43.137951807228916,-8.137951807228916,36.61,-1.6099999999999994
232,Malaysia,MYS,2023,govt_lcy_green,0.0,govt,lcy,green,,,,,
233,Malaysia,MYS,2024,govt_lcy_green,0.0,govt,lcy,green,41.0,47.23132530120482,-6.231325301204819,39.95,1.0499999999999972
234,Philippines,PHL,2016,govt_lcy_green,0.0,govt,lcy,green,73.7,68.06548192771085,5.634518072289154,68.159,5.540999999999997
235,Philippines,PHL,2017,govt_lcy_green,0.0,govt,lcy,green,,,,,
236,Philippines,PHL,2018,govt_lcy_green,0.0,govt,lcy,green,57.65,56.78403614457831,0.8659638554216897,54.802,2.847999999999999
237,Philippines,PHL,2019,govt_lcy_green,0.0,govt,lcy,green,,,,,
238,Philippines,PHL,2020,govt_lcy_green,0.0,govt,lcy,green,38.4,47.19638554216868,-8.796385542168679,47.1,-8.700000000000003
239,Philippines,PHL,2021,govt_lcy_green,0.0,govt,lcy,green,,,,,
240,Philippines,PHL,2022,govt_lcy_green,0.0,govt,lcy,green,28.9,43.137951807228916,-14.237951807228917,36.61,-7.710000000000001
241,Philippines,PHL,2023,govt_lcy_green,0.0,govt,lcy,green,,,,,
242,Philippines,PHL,2024,govt_lcy_green,0.0,govt,lcy,green,32.1,47.23132530120482,-15.131325301204818,39.95,-7.850000000000001
243,Singapore,SGP,2016,govt_lcy_green,0.0,govt,lcy,green,87.04,68.06548192771085,18.974518072289158,68.159,18.881
244,Singapore,SGP,2017,govt_lcy_green,0.0,govt,lcy,green,,,,,
245,Singapore,SGP,2018,govt_lcy_green,0.0,govt,lcy,green,64.23,56.78403614457831,7.445963855421695,54.802,9.428000000000004
246,Singapore,SGP,2019,govt_lcy_green,0.0,govt,lcy,green,,,,,
247,Singapore,SGP,2020,govt_lcy_green,0.0,govt,lcy,green,58.1,47.19638554216868,10.903614457831324,47.1,11.0
248,Singapore,SGP,2021,govt_lcy_green,0.0,govt,lcy,green,,,,,
249,Singapore,SGP,2022,govt_lcy_green,4681.9715,govt,lcy,green,50.9,43.137951807228916,7.762048192771083,36.61,14.29
250,Singapore,SGP,2023,govt_lcy_green,2616.1811,govt,lcy,green,,,,,
251,Singapore,SGP,2024,govt_lcy_green,4925.9002,govt,lcy,green,53.0,47.23132530120482,5.768674698795181,39.95,13.049999999999997
252,Thailand,THA,2016,govt_lcy_green,0.0,govt,lcy,green,69.54,68.06548192771085,1.4745180722891575,68.159,1.3810000000000002
253,Thailand,THA,2017,govt_lcy_green,0.0,govt,lcy,green,,,,,
254,Thailand,THA,2018,govt_lcy_green,0.0,govt,lcy,green,49.88,56.78403614457831,-6.904036144578306,54.802,-4.921999999999997
255,Thailand,THA,2019,govt_lcy_green,0.0,govt,lcy,green,,,,,
256,Thailand,THA,2020,govt_lcy_green,192.1537,govt,lcy,green,45.4,47.19638554216868,-1.7963855421686787,47.1,-1.7000000000000028
257,Thailand,THA,2021,govt_lcy_green,0.0,govt,lcy,green,,,,,
258,Thailand,THA,2022,govt_lcy_green,137.7031,govt,lcy,green,38.1,43.137951807228916,-5.0379518072289144,36.61,1.490000000000002
259,Thailand,THA,2023,govt_lcy_green,100.5978,govt,lcy,green,,,,,
260,Thailand,THA,2024,govt_lcy_green,81.367,govt,lcy,green,45.7,47.23132530120482,-1.5313253012048165,39.95,5.75
261,Viet Nam,VNM,2016,govt_lcy_green,0.0,govt,lcy,green,58.5,68.06548192771085,-9.565481927710849,68.159,-9.659000000000006
262,Viet Nam,VNM,2017,govt_lcy_green,0.0,govt,lcy,green,,,,,
263,Viet Nam,VNM,2018,govt_lcy_green,0.0,govt,lcy,green,46.96,56.78403614457831,-9.824036144578308,54.802,-7.841999999999999
264,Viet Nam,VNM,2019,govt_lcy_green,0.0,govt,lcy,green,,,,,
265,Viet Nam,VNM,2020,govt_lcy_green,0.0,govt,lcy,green,33.4,47.19638554216868,-13.796385542168679,47.1,-13.700000000000003
266,Viet Nam,VNM,2021,govt_lcy_green,0.0,govt,lcy,green,,,,,
267,Viet Nam,VNM,2022,govt_lcy_green,0.0,govt,lcy,green,20.1,43.137951807228916,-23.037951807228914,36.61,-16.509999999999998
268,Viet Nam,VNM,2023,govt_lcy_green,0.0,govt,lcy,green,,,,,
269,Viet Nam,VNM,2024,govt_lcy_green,0.0,govt,lcy,green,24.6,47.23132530120482,-22.631325301204818,39.95,-15.350000000000001
270,Indonesia,IDN,2016,corp_lcy_green,0.0,corp,lcy,green,65.85,68.06548192771085,-2.2154819277108544,68.159,-2.3090000000000117
271,Indonesia,IDN,2017,corp_lcy_green,50.0097,corp,lcy,green,,,,,
272,Indonesia,IDN,2018,corp_lcy_green,26.444,corp,lcy,green,46.92,56.78403614457831,-9.864036144578307,54.802,-7.881999999999998
273,Indonesia,IDN,2019,corp_lcy_green,0.0,corp,lcy,green,,,,,
274,Indonesia,IDN,2020,corp_lcy_green,0.0,corp,lcy,green,37.8,47.19638554216868,-9.39638554216868,47.1,-9.300000000000004
275,Indonesia,IDN,2021,corp_lcy_green,0.0,corp,lcy,green,,,,,
276,Indonesia,IDN,2022,corp_lcy_green,671.1643,corp,lcy,green,28.2,43.137951807228916,-14.937951807228917,36.61,-8.41
277,Indonesia,IDN,2023,corp_lcy_green,423.5314,corp,lcy,green,,,,,
278,Indonesia,IDN,2024,corp_lcy_green,117.9078,corp,lcy,green,33.6,47.23132530120482,-13.631325301204818,39.95,-6.350000000000001
279,Japan,JPN,2016,corp_lcy_green,97.7613,corp,lcy,green,80.59,68.06548192771085,12.524518072289155,68.159,12.430999999999997
280,Japan,JPN,2017,corp_lcy_green,197.7968,corp,lcy,green,,,,,
281,Japan,JPN,2018,corp_lcy_green,1883.2004,corp,lcy,green,74.69,56.78403614457831,17.90596385542169,54.802,19.887999999999998
282,Japan,JPN,2019,corp_lcy_green,4440.5027,corp,lcy,green,,,,,
283,Japan,JPN,2020,corp_lcy_green,5149.1428,corp,lcy,green,75.1,47.19638554216868,27.903614457831317,47.1,27.999999999999993
284,Japan,JPN,2021,corp_lcy_green,6355.5454,corp,lcy,green,,,,,
285,Japan,JPN,2022,corp_lcy_green,5086.3285,corp,lcy,green,57.2,43.137951807228916,14.062048192771087,36.61,20.590000000000003
286,Japan,JPN,2023,corp_lcy_green,12121.5698,corp,lcy,green,,,,,
287,Japan,JPN,2024,corp_lcy_green,4062.2273,corp,lcy,green,61.4,47.23132530120482,14.16867469879518,39.95,21.449999999999996
288,Cambodia,KHM,2016,corp_lcy_green,0.0,corp,lcy,green,51.24,68.06548192771085,-16.825481927710847,68.159,-16.919000000000004
289,Cambodia,KHM,2017,corp_lcy_green,0.0,corp,lcy,green,,,,,
290,Cambodia,KHM,2018,corp_lcy_green,0.0,corp,lcy,green,43.23,56.78403614457831,-13.554036144578312,54.802,-11.572000000000003
291,Cambodia,KHM,2019,corp_lcy_green,0.0,corp,lcy,green,,,,,
292,Cambodia,KHM,2020,corp_lcy_green,0.0,corp,lcy,green,33.6,47.19638554216868,-13.596385542168676,47.1,-13.5
293,Cambodia,KHM,2021,corp_lcy_green,0.0,corp,lcy,green,,,,,
294,Cambodia,KHM,2022,corp_lcy_green,0.0,corp,lcy,green,30.1,43.137951807228916,-13.037951807228914,36.61,-6.509999999999998
295,Cambodia,KHM,2023,corp_lcy_green,1.475,corp,lcy,green,,,,,
296,Cambodia,KHM,2024,corp_lcy_green,9.9534,corp,lcy,green,31.2,47.23132530120482,-16.03132530120482,39.95,-8.750000000000004
297,South Korea,KOR,2016,corp_lcy_green,340.0339,corp,lcy,green,70.61,68.06548192771085,2.5445180722891507,68.159,2.4509999999999934
298,South Korea,KOR,2017,corp_lcy_green,646.6638,corp,lcy,green,,,,,
299,South Korea,KOR,2018,corp_lcy_green,1138.2129,corp,lcy,green,62.3,56.78403614457831,5.515963855421688,54.802,7.4979999999999976
300,South Korea,KOR,2019,corp_lcy_green,1792.5513,corp,lcy,green,,,,,
301,South Korea,KOR,2020,corp_lcy_green,1143.3811,corp,lcy,green,66.5,47.19638554216868,19.303614457831323,47.1,19.4
302,South Korea,KOR,2021,corp_lcy_green,9472.8532,corp,lcy,green,,,,,
303,South Korea,KOR,2022,corp_lcy_green,3838.1087,corp,lcy,green,46.9,43.137951807228916,3.7620481927710827,36.61,10.29
304,South Korea,KOR,2023,corp_lcy_green,4263.9472,corp,lcy,green,,,,,
305,South Korea,KOR,2024,corp_lcy_green,4077.9856,corp,lcy,green,50.6,47.23132530120482,3.368674698795182,39.95,10.649999999999999
306,Laos,LAO,2016,corp_lcy_green,0.0,corp,lcy,green,50.29,68.06548192771085,-17.77548192771085,68.159,-17.869000000000007
307,Laos,LAO,2017,corp_lcy_green,0.0,corp,lcy,green,,,,,
308,Laos,LAO,2018,corp_lcy_green,0.0,corp,lcy,green,42.94,56.78403614457831,-13.844036144578311,54.802,-11.862000000000002
309,Laos,LAO,2019,corp_lcy_green,0.0,corp,lcy,green,,,,,
310,Laos,LAO,2020,corp_lcy_green,0.0,corp,lcy,green,34.8,47.19638554216868,-12.39638554216868,47.1,-12.300000000000004
311,Laos,LAO,2021,corp_lcy_green,0.0,corp,lcy,green,,,,,
312,Laos,LAO,2022,corp_lcy_green,0.0,corp,lcy,green,30.7,43.137951807228916,-12.437951807228917,36.61,-5.91
313,Laos,LAO,2023,corp_lcy_green,0.0,corp,lcy,green,,,,,
314,Laos,LAO,2024,corp_lcy_green,0.0,corp,lcy,green,26.3,47.23132530120482,-20.93132530120482,39.95,-13.650000000000002
315,Malaysia,MYS,2016,corp_lcy_green,0.0,corp,lcy,green,74.23,68.06548192771085,6.164518072289155,68.159,6.070999999999998
316,Malaysia,MYS,2017,corp_lcy_green,757.5886,corp,lcy,green,,,,,
317,Malaysia,MYS,2018,corp_lcy_green,217.1099,corp,lcy,green,59.22,56.78403614457831,2.43596385542169,54.802,4.417999999999999
318,Malaysia,MYS,2019,corp_lcy_green,362.5356,corp,lcy,green,,,,,
319,Malaysia,MYS,2020,corp_lcy_green,161.2489,corp,lcy,green,47.9,47.19638554216868,0.7036144578313213,47.1,0.7999999999999972
320,Malaysia,MYS,2021,corp_lcy_green,463.923,corp,lcy,green,,,,,
321,Malaysia,MYS,2022,corp_lcy_green,254.3329,corp,lcy,green,35.0,43.137951807228916,-8.137951807228916,36.61,-1.6099999999999994
322,Malaysia,MYS,2023,corp_lcy_green,648.847,corp,lcy,green,,,,,
323,Malaysia,MYS,2024,corp_lcy_green,75.195,corp,lcy,green,41.0,47.23132530120482,-6.231325301204819,39.95,1.0499999999999972
324,Philippines,PHL,2016,corp_lcy_green,0.0,corp,lcy,green,73.7,68.06548192771085,5.634518072289154,68.159,5.540999999999997
325,Philippines,PHL,2017,corp_lcy_green,0.0,corp,lcy,green,,,,,
326,Philippines,PHL,2018,corp_lcy_green,0.0,corp,lcy,green,57.65,56.78403614457831,0.8659638554216897,54.802,2.847999999999999
327,Philippines,PHL,2019,corp_lcy_green,287.1913,corp,lcy,green,,,,,
328,Philippines,PHL,2020,corp_lcy_green,59.09,corp,lcy,green,38.4,47.19638554216868,-8.796385542168679,47.1,-8.700000000000003
329,Philippines,PHL,2021,corp_lcy_green,103.1289,corp,lcy,green,,,,,
330,Philippines,PHL,2022,corp_lcy_green,225.406,corp,lcy,green,28.9,43.137951807228916,-14.237951807228917,36.61,-7.710000000000001
331,Philippines,PHL,2023,corp_lcy_green,82.6826,corp,lcy,green,,,,,
332,Philippines,PHL,2024,corp_lcy_green,428.9731,corp,lcy,green,32.1,47.23132530120482,-15.131325301204818,39.95,-7.850000000000001
333,Singapore,SGP,2016,corp_lcy_green,0.0,corp,lcy,green,87.04,68.06548192771085,18.974518072289158,68.159,18.881
334,Singapore,SGP,2017,corp_lcy_green,71.6435,corp,lcy,green,,,,,
335,Singapore,SGP,2018,corp_lcy_green,0.0,corp,lcy,green,64.23,56.78403614457831,7.445963855421695,54.802,9.428000000000004
336,Singapore,SGP,2019,corp_lcy_green,0.0,corp,lcy,green,,,,,
337,Singapore,SGP,2020,corp_lcy_green,508.9114,corp,lcy,green,58.1,47.19638554216868,10.903614457831324,47.1,11.0
338,Singapore,SGP,2021,corp_lcy_green,1981.5394,corp,lcy,green,,,,,
339,Singapore,SGP,2022,corp_lcy_green,507.435,corp,lcy,green,50.9,43.137951807228916,7.762048192771083,36.61,14.29
340,Singapore,SGP,2023,corp_lcy_green,962.4616,corp,lcy,green,,,,,
341,Singapore,SGP,2024,corp_lcy_green,1094.0721,corp,lcy,green,53.0,47.23132530120482,5.768674698795181,39.95,13.049999999999997
342,Thailand,THA,2016,corp_lcy_green,446.1244,corp,lcy,green,69.54,68.06548192771085,1.4745180722891575,68.159,1.3810000000000002
343,Thailand,THA,2017,corp_lcy_green,38.9205,corp,lcy,green,,,,,
344,Thailand,THA,2018,corp_lcy_green,237.2237,corp,lcy,green,49.88,56.78403614457831,-6.904036144578306,54.802,-4.921999999999997
345,Thailand,THA,2019,corp_lcy_green,846.2653,corp,lcy,green,,,,,
346,Thailand,THA,2020,corp_lcy_green,1024.3559,corp,lcy,green,45.4,47.19638554216868,-1.7963855421686787,47.1,-1.7000000000000028
347,Thailand,THA,2021,corp_lcy_green,1030.7562,corp,lcy,green,,,,,
348,Thailand,THA,2022,corp_lcy_green,1043.5395,corp,lcy,green,38.1,43.137951807228916,-5.0379518072289144,36.61,1.490000000000002
349,Thailand,THA,2023,corp_lcy_green,846.8552,corp,lcy,green,,,,,
350,Thailand,THA,2024,corp_lcy_green,140.2372,corp,lcy,green,45.7,47.23132530120482,-1.5313253012048165,39.95,5.75
351,Viet Nam,VNM,2016,corp_lcy_green,0.0,corp,lcy,green,58.5,68.06548192771085,-9.565481927710849,68.159,-9.659000000000006
352,Viet Nam,VNM,2017,corp_lcy_green,0.0,corp,lcy,green,,,,,
353,Viet Nam,VNM,2018,corp_lcy_green,0.0,corp,lcy,green,46.96,56.78403614457831,-9.824036144578308,54.802,-7.841999999999999
354,Viet Nam,VNM,2019,corp_lcy_green,0.0,corp,lcy,green,,,,,
355,Viet Nam,VNM,2020,corp_lcy_green,0.0,corp,lcy,green,33.4,47.19638554216868,-13.796385542168679,47.1,-13.700000000000003
356,Viet Nam,VNM,2021,corp_lcy_green,0.0,corp,lcy,green,,,,,
357,Viet Nam,VNM,2022,corp_lcy_green,73.8505,corp,lcy,green,20.1,43.137951807228916,-23.037951807228914,36.61,-16.509999999999998
358,Viet Nam,VNM,2023,corp_lcy_green,101.746,corp,lcy,green,,,,,
359,Viet Nam,VNM,2024,corp_lcy_green,0.0,corp,lcy,green,24.6,47.23132530120482,-22.631325301204818,39.95,-15.350000000000001
360,Indonesia,IDN,2016,govt_fcy_sustainability,0.0,govt,fcy,sustainability,65.85,68.06548192771085,-2.2154819277108544,68.159,-2.3090000000000117
361,Indonesia,IDN,2017,govt_fcy_sustainability,0.0,govt,fcy,sustainability,,,,,
362,Indonesia,IDN,2018,govt_fcy_sustainability,0.0,govt,fcy,sustainability,46.92,56.78403614457831,-9.864036144578307,54.802,-7.881999999999998
363,Indonesia,IDN,2019,govt_fcy_sustainability,0.0,govt,fcy,sustainability,,,,,
364,Indonesia,IDN,2020,govt_fcy_sustainability,0.0,govt,fcy,sustainability,37.8,47.19638554216868,-9.39638554216868,47.1,-9.300000000000004
365,Indonesia,IDN,2021,govt_fcy_sustainability,586.95,govt,fcy,sustainability,,,,,
366,Indonesia,IDN,2022,govt_fcy_sustainability,0.0,govt,fcy,sustainability,28.2,43.137951807228916,-14.937951807228917,36.61,-8.41
367,Indonesia,IDN,2023,govt_fcy_sustainability,0.0,govt,fcy,sustainability,,,,,
368,Indonesia,IDN,2024,govt_fcy_sustainability,826.5,govt,fcy,sustainability,33.6,47.23132530120482,-13.631325301204818,39.95,-6.350000000000001
369,Japan,JPN,2016,govt_fcy_sustainability,500.0,govt,fcy,sustainability,80.59,68.06548192771085,12.524518072289155,68.159,12.430999999999997
370,Japan,JPN,2017,govt_fcy_sustainability,1000.0,govt,fcy,sustainability,,,,,
371,Japan,JPN,2018,govt_fcy_sustainability,806.4,govt,fcy,sustainability,74.69,56.78403614457831,17.90596385542169,54.802,19.887999999999998
372,Japan,JPN,2019,govt_fcy_sustainability,1000.0,govt,fcy,sustainability,,,,,
373,Japan,JPN,2020,govt_fcy_sustainability,819.56,govt,fcy,sustainability,75.1,47.19638554216868,27.903614457831317,47.1,27.999999999999993
374,Japan,JPN,2021,govt_fcy_sustainability,1229.5,govt,fcy,sustainability,,,,,
375,Japan,JPN,2022,govt_fcy_sustainability,2496.76,govt,fcy,sustainability,57.2,43.137951807228916,14.062048192771087,36.61,20.590000000000003
376,Japan,JPN,2023,govt_fcy_sustainability,2386.5,govt,fcy,sustainability,,,,,
377,Japan,JPN,2024,govt_fcy_sustainability,2260.72,govt,fcy,sustainability,61.4,47.23132530120482,14.16867469879518,39.95,21.449999999999996
378,Cambodia,KHM,2016,govt_fcy_sustainability,0.0,govt,fcy,sustainability,51.24,68.06548192771085,-16.825481927710847,68.159,-16.919000000000004
379,Cambodia,KHM,2017,govt_fcy_sustainability,0.0,govt,fcy,sustainability,,,,,
380,Cambodia,KHM,2018,govt_fcy_sustainability,0.0,govt,fcy,sustainability,43.23,56.78403614457831,-13.554036144578312,54.802,-11.572000000000003
381,Cambodia,KHM,2019,govt_fcy_sustainability,0.0,govt,fcy,sustainability,,,,,
382,Cambodia,KHM,2020,govt_fcy_sustainability,0.0,govt,fcy,sustainability,33.6,47.19638554216868,-13.596385542168676,47.1,-13.5
383,Cambodia,KHM,2021,govt_fcy_sustainability,0.0,govt,fcy,sustainability,,,,,
384,Cambodia,KHM,2022,govt_fcy_sustainability,0.0,govt,fcy,sustainability,30.1,43.137951807228916,-13.037951807228914,36.61,-6.509999999999998
385,Cambodia,KHM,2023,govt_fcy_sustainability,0.0,govt,fcy,sustainability,,,,,
386,Cambodia,KHM,2024,govt_fcy_sustainability,0.0,govt,fcy,sustainability,31.2,47.23132530120482,-16.03132530120482,39.95,-8.750000000000004
387,South Korea,KOR,2016,govt_fcy_sustainability,0.0,govt,fcy,sustainability,70.61,68.06548192771085,2.5445180722891507,68.159,2.4509999999999934
388,South Korea,KOR,2017,govt_fcy_sustainability,0.0,govt,fcy,sustainability,,,,,
389,South Korea,KOR,2018,govt_fcy_sustainability,339.808,govt,fcy,sustainability,62.3,56.78403614457831,5.515963855421688,54.802,7.4979999999999976
390,South Korea,KOR,2019,govt_fcy_sustainability,500.0,govt,fcy,sustainability,,,,,
391,South Korea,KOR,2020,govt_fcy_sustainability,489.84,govt,fcy,sustainability,66.5,47.19638554216868,19.303614457831323,47.1,19.4
392,South Korea,KOR,2021,govt_fcy_sustainability,1000.0,govt,fcy,sustainability,,,,,
393,South Korea,KOR,2022,govt_fcy_sustainability,0.0,govt,fcy,sustainability,46.9,43.137951807228916,3.7620481927710827,36.61,10.29
394,South Korea,KOR,2023,govt_fcy_sustainability,345.5877,govt,fcy,sustainability,,,,,
395,South Korea,KOR,2024,govt_fcy_sustainability,800.0,govt,fcy,sustainability,50.6,47.23132530120482,3.368674698795182,39.95,10.649999999999999
396,Laos,LAO,2016,govt_fcy_sustainability,0.0,govt,fcy,sustainability,50.29,68.06548192771085,-17.77548192771085,68.159,-17.869000000000007
397,Laos,LAO,2017,govt_fcy_sustainability,0.0,govt,fcy,sustainability,,,,,
398,Laos,LAO,2018,govt_fcy_sustainability,0.0,govt,fcy,sustainability,42.94,56.78403614457831,-13.844036144578311,54.802,-11.862000000000002
399,Laos,LAO,2019,govt_fcy_sustainability,0.0,govt,fcy,sustainability,,,,,
400,Laos,LAO,2020,govt_fcy_sustainability,0.0,govt,fcy,sustainability,34.8,47.19638554216868,-12.39638554216868,47.1,-12.300000000000004
401,Laos,LAO,2021,govt_fcy_sustainability,0.0,govt,fcy,sustainability,,,,,
402,Laos,LAO,2022,govt_fcy_sustainability,0.0,govt,fcy,sustainability,30.7,43.137951807228916,-12.437951807228917,36.61,-5.91
403,Laos,LAO,2023,govt_fcy_sustainability,0.0,govt,fcy,sustainability,,,,,
404,Laos,LAO,2024,govt_fcy_sustainability,0.0,govt,fcy,sustainability,26.3,47.23132530120482,-20.93132530120482,39.95,-13.650000000000002
405,Malaysia,MYS,2016,govt_fcy_sustainability,0.0,govt,fcy,sustainability,74.23,68.06548192771085,6.164518072289155,68.159,6.070999999999998
406,Malaysia,MYS,2017,govt_fcy_sustainability,0.0,govt,fcy,sustainability,,,,,
407,Malaysia,MYS,2018,govt_fcy_sustainability,0.0,govt,fcy,sustainability,59.22,56.78403614457831,2.43596385542169,54.802,4.417999999999999
408,Malaysia,MYS,2019,govt_fcy_sustainability,0.0,govt,fcy,sustainability,,,,,
409,Malaysia,MYS,2020,govt_fcy_sustainability,0.0,govt,fcy,sustainability,47.9,47.19638554216868,0.7036144578313213,47.1,0.7999999999999972
410,Malaysia,MYS,2021,govt_fcy_sustainability,1300.0,govt,fcy,sustainability,,,,,
411,Malaysia,MYS,2022,govt_fcy_sustainability,0.0,govt,fcy,sustainability,35.0,43.137951807228916,-8.137951807228916,36.61,-1.6099999999999994
412,Malaysia,MYS,2023,govt_fcy_sustainability,0.0,govt,fcy,sustainability,,,,,
413,Malaysia,MYS,2024,govt_fcy_sustainability,0.0,govt,fcy,sustainability,41.0,47.23132530120482,-6.231325301204819,39.95,1.0499999999999972
414,Philippines,PHL,2016,govt_fcy_sustainability,0.0,govt,fcy,sustainability,73.7,68.06548192771085,5.634518072289154,68.159,5.540999999999997
415,Philippines,PHL,2017,govt_fcy_sustainability,0.0,govt,fcy,sustainability,,,,,
416,Philippines,PHL,2018,govt_fcy_sustainability,0.0,govt,fcy,sustainability,57.65,56.78403614457831,0.8659638554216897,54.802,2.847999999999999
417,Philippines,PHL,2019,govt_fcy_sustainability,0.0,govt,fcy,sustainability,,,,,
418,Philippines,PHL,2020,govt_fcy_sustainability,0.0,govt,fcy,sustainability,38.4,47.19638554216868,-8.796385542168679,47.1,-8.700000000000003
419,Philippines,PHL,2021,govt_fcy_sustainability,0.0,govt,fcy,sustainability,,,,,
420,Philippines,PHL,2022,govt_fcy_sustainability,2295.5253,govt,fcy,sustainability,28.9,43.137951807228916,-14.237951807228917,36.61,-7.710000000000001
421,Philippines,PHL,2023,govt_fcy_sustainability,1250.0,govt,fcy,sustainability,,,,,
422,Philippines,PHL,2024,govt_fcy_sustainability,1900.0,govt,fcy,sustainability,32.1,47.23132530120482,-15.131325301204818,39.95,-7.850000000000001
423,Singapore,SGP,2016,govt_fcy_sustainability,0.0,govt,fcy,sustainability,87.04,68.06548192771085,18.974518072289158,68.159,18.881
424,Singapore,SGP,2017,govt_fcy_sustainability,0.0,govt,fcy,sustainability,,,,,
425,Singapore,SGP,2018,govt_fcy_sustainability,0.0,govt,fcy,sustainability,64.23,56.78403614457831,7.445963855421695,54.802,9.428000000000004
426,Singapore,SGP,2019,govt_fcy_sustainability,0.0,govt,fcy,sustainability,,,,,
427,Singapore,SGP,2020,govt_fcy_sustainability,0.0,govt,fcy,sustainability,58.1,47.19638554216868,10.903614457831324,47.1,11.0
428,Singapore,SGP,2021,govt_fcy_sustainability,0.0,govt,fcy,sustainability,,,,,
429,Singapore,SGP,2022,govt_fcy_sustainability,0.0,govt,fcy,sustainability,50.9,43.137951807228916,7.762048192771083,36.61,14.29
430,Singapore,SGP,2023,govt_fcy_sustainability,0.0,govt,fcy,sustainability,,,,,
431,Singapore,SGP,2024,govt_fcy_sustainability,0.0,govt,fcy,sustainability,53.0,47.23132530120482,5.768674698795181,39.95,13.049999999999997
432,Thailand,THA,2016,govt_fcy_sustainability,0.0,govt,fcy,sustainability,69.54,68.06548192771085,1.4745180722891575,68.159,1.3810000000000002
433,Thailand,THA,2017,govt_fcy_sustainability,0.0,govt,fcy,sustainability,,,,,
434,Thailand,THA,2018,govt_fcy_sustainability,0.0,govt,fcy,sustainability,49.88,56.78403614457831,-6.904036144578306,54.802,-4.921999999999997
435,Thailand,THA,2019,govt_fcy_sustainability,0.0,govt,fcy,sustainability,,,,,
436,Thailand,THA,2020,govt_fcy_sustainability,0.0,govt,fcy,sustainability,45.4,47.19638554216868,-1.7963855421686787,47.1,-1.7000000000000028
437,Thailand,THA,2021,govt_fcy_sustainability,0.0,govt,fcy,sustainability,,,,,
438,Thailand,THA,2022,govt_fcy_sustainability,0.0,govt,fcy,sustainability,38.1,43.137951807228916,-5.0379518072289144,36.61,1.490000000000002
439,Thailand,THA,2023,govt_fcy_sustainability,0.0,govt,fcy,sustainability,,,,,
440,Thailand,THA,2024,govt_fcy_sustainability,0.0,govt,fcy,sustainability,45.7,47.23132530120482,-1.5313253012048165,39.95,5.75
441,Viet Nam,VNM,2016,govt_fcy_sustainability,0.0,govt,fcy,sustainability,58.5,68.06548192771085,-9.565481927710849,68.159,-9.659000000000006
442,Viet Nam,VNM,2017,govt_fcy_sustainability,0.0,govt,fcy,sustainability,,,,,
443,Viet Nam,VNM,2018,govt_fcy_sustainability,0.0,govt,fcy,sustainability,46.96,56.78403614457831,-9.824036144578308,54.802,-7.841999999999999
444,Viet Nam,VNM,2019,govt_fcy_sustainability,0.0,govt,fcy,sustainability,,,,,
445,Viet Nam,VNM,2020,govt_fcy_sustainability,0.0,govt,fcy,sustainability,33.4,47.19638554216868,-13.796385542168679,47.1,-13.700000000000003
446,Viet Nam,VNM,2021,govt_fcy_sustainability,0.0,govt,fcy,sustainability,,,,,
447,Viet Nam,VNM,2022,govt_fcy_sustainability,0.0,govt,fcy,sustainability,20.1,43.137951807228916,-23.037951807228914,36.61,-16.509999999999998
448,Viet Nam,VNM,2023,govt_fcy_sustainability,0.0,govt,fcy,sustainability,,,,,
449,Viet Nam,VNM,2024,govt_fcy_sustainability,0.0,govt,fcy,sustainability,24.6,47.23132530120482,-22.631325301204818,39.95,-15.350000000000001
450,Indonesia,IDN,2016,corp_fcy_sustainability,0.0,corp,fcy,sustainability,65.85,68.06548192771085,-2.2154819277108544,68.159,-2.3090000000000117
451,Indonesia,IDN,2017,corp_fcy_sustainability,0.0,corp,fcy,sustainability,,,,,
452,Indonesia,IDN,2018,corp_fcy_sustainability,0.0,corp,fcy,sustainability,46.92,56.78403614457831,-9.864036144578307,54.802,-7.881999999999998
453,Indonesia,IDN,2019,corp_fcy_sustainability,500.0,corp,fcy,sustainability,,,,,
454,Indonesia,IDN,2020,corp_fcy_sustainability,0.0,corp,fcy,sustainability,37.8,47.19638554216868,-9.39638554216868,47.1,-9.300000000000004
455,Indonesia,IDN,2021,corp_fcy_sustainability,450.0,corp,fcy,sustainability,,,,,
456,Indonesia,IDN,2022,corp_fcy_sustainability,0.0,corp,fcy,sustainability,28.2,43.137951807228916,-14.937951807228917,36.61,-8.41
457,Indonesia,IDN,2023,corp_fcy_sustainability,0.0,corp,fcy,sustainability,,,,,
458,Indonesia,IDN,2024,corp_fcy_sustainability,0.0,corp,fcy,sustainability,33.6,47.23132530120482,-13.631325301204818,39.95,-6.350000000000001
459,Japan,JPN,2016,corp_fcy_sustainability,0.0,corp,fcy,sustainability,80.59,68.06548192771085,12.524518072289155,68.159,12.430999999999997
460,Japan,JPN,2017,corp_fcy_sustainability,0.0,corp,fcy,sustainability,,,,,
461,Japan,JPN,2018,corp_fcy_sustainability,0.0,corp,fcy,sustainability,74.69,56.78403614457831,17.90596385542169,54.802,19.887999999999998
462,Japan,JPN,2019,corp_fcy_sustainability,0.0,corp,fcy,sustainability,,,,,
463,Japan,JPN,2020,corp_fcy_sustainability,567.0,corp,fcy,sustainability,75.1,47.19638554216868,27.903614457831317,47.1,27.999999999999993
464,Japan,JPN,2021,corp_fcy_sustainability,3750.0,corp,fcy,sustainability,,,,,
465,Japan,JPN,2022,corp_fcy_sustainability,0.0,corp,fcy,sustainability,57.2,43.137951807228916,14.062048192771087,36.61,20.590000000000003
466,Japan,JPN,2023,corp_fcy_sustainability,1500.0,corp,fcy,sustainability,,,,,
467,Japan,JPN,2024,corp_fcy_sustainability,500.0,corp,fcy,sustainability,61.4,47.23132530120482,14.16867469879518,39.95,21.449999999999996
468,Cambodia,KHM,2016,corp_fcy_sustainability,0.0,corp,fcy,sustainability,51.24,68.06548192771085,-16.825481927710847,68.159,-16.919000000000004
469,Cambodia,KHM,2017,corp_fcy_sustainability,0.0,corp,fcy,sustainability,,,,,
470,Cambodia,KHM,2018,corp_fcy_sustainability,0.0,corp,fcy,sustainability,43.23,56.78403614457831,-13.554036144578312,54.802,-11.572000000000003
471,Cambodia,KHM,2019,corp_fcy_sustainability,0.0,corp,fcy,sustainability,,,,,
472,Cambodia,KHM,2020,corp_fcy_sustainability,0.0,corp,fcy,sustainability,33.6,47.19638554216868,-13.596385542168676,47.1,-13.5
473,Cambodia,KHM,2021,corp_fcy_sustainability,0.0,corp,fcy,sustainability,,,,,
474,Cambodia,KHM,2022,corp_fcy_sustainability,0.0,corp,fcy,sustainability,30.1,43.137951807228916,-13.037951807228914,36.61,-6.509999999999998
475,Cambodia,KHM,2023,corp_fcy_sustainability,0.0,corp,fcy,sustainability,,,,,
476,Cambodia,KHM,2024,corp_fcy_sustainability,0.0,corp,fcy,sustainability,31.2,47.23132530120482,-16.03132530120482,39.95,-8.750000000000004
477,South Korea,KOR,2016,corp_fcy_sustainability,0.0,corp,fcy,sustainability,70.61,68.06548192771085,2.5445180722891507,68.159,2.4509999999999934
478,South Korea,KOR,2017,corp_fcy_sustainability,0.0,corp,fcy,sustainability,,,,,
479,South Korea,KOR,2018,corp_fcy_sustainability,800.0,corp,fcy,sustainability,62.3,56.78403614457831,5.515963855421688,54.802,7.4979999999999976
480,South Korea,KOR,2019,corp_fcy_sustainability,5300.3,corp,fcy,sustainability,,,,,
481,South Korea,KOR,2020,corp_fcy_sustainability,2410.76,corp,fcy,sustainability,66.5,47.19638554216868,19.303614457831323,47.1,19.4
482,South Korea,KOR,2021,corp_fcy_sustainability,3250.0,corp,fcy,sustainability,,,,,
483,South Korea,KOR,2022,corp_fcy_sustainability,4279.2,corp,fcy,sustainability,46.9,43.137951807228916,3.7620481927710827,36.61,10.29
484,South Korea,KOR,2023,corp_fcy_sustainability,1616.302,corp,fcy,sustainability,,,,,
485,South Korea,KOR,2024,corp_fcy_sustainability,1600.0,corp,fcy,sustainability,50.6,47.23132530120482,3.368674698795182,39.95,10.649999999999999
486,Laos,LAO,2016,corp_fcy_sustainability,0.0,corp,fcy,sustainability,50.29,68.06548192771085,-17.77548192771085,68.159,-17.869000000000007
487,Laos,LAO,2017,corp_fcy_sustainability,0.0,corp,fcy,sustainability,,,,,
488,Laos,LAO,2018,corp_fcy_sustainability,0.0,corp,fcy,sustainability,42.94,56.78403614457831,-13.844036144578311,54.802,-11.862000000000002
489,Laos,LAO,2019,corp_fcy_sustainability,0.0,corp,fcy,sustainability,,,,,
490,Laos,LAO,2020,corp_fcy_sustainability,0.0,corp,fcy,sustainability,34.8,47.19638554216868,-12.39638554216868,47.1,-12.300000000000004
491,Laos,LAO,2021,corp_fcy_sustainability,0.0,corp,fcy,sustainability,,,,,
492,Laos,LAO,2022,corp_fcy_sustainability,0.0,corp,fcy,sustainability,30.7,43.137951807228916,-12.437951807228917,36.61,-5.91
493,Laos,LAO,2023,corp_fcy_sustainability,0.0,corp,fcy,sustainability,,,,,
494,Laos,LAO,2024,corp_fcy_sustainability,0.0,corp,fcy,sustainability,26.3,47.23132530120482,-20.93132530120482,39.95,-13.650000000000002
495,Malaysia,MYS,2016,corp_fcy_sustainability,0.0,corp,fcy,sustainability,74.23,68.06548192771085,6.164518072289155,68.159,6.070999999999998
496,Malaysia,MYS,2017,corp_fcy_sustainability,0.0,corp,fcy,sustainability,,,,,
497,Malaysia,MYS,2018,corp_fcy_sustainability,0.0,corp,fcy,sustainability,59.22,56.78403614457831,2.43596385542169,54.802,4.417999999999999
498,Malaysia,MYS,2019,corp_fcy_sustainability,680.0,corp,fcy,sustainability,,,,,
499,Malaysia,MYS,2020,corp_fcy_sustainability,0.0,corp,fcy,sustainability,47.9,47.19638554216868,0.7036144578313213,47.1,0.7999999999999972
500,Malaysia,MYS,2021,corp_fcy_sustainability,0.0,corp,fcy,sustainability,,,,,
501,Malaysia,MYS,2022,corp_fcy_sustainability,500.0,corp,fcy,sustainability,35.0,43.137951807228916,-8.137951807228916,36.61,-1.6099999999999994
502,Malaysia,MYS,2023,corp_fcy_sustainability,0.0,corp,fcy,sustainability,,,,,
503,Malaysia,MYS,2024,corp_fcy_sustainability,0.0,corp,fcy,sustainability,41.0,47.23132530120482,-6.231325301204819,39.95,1.0499999999999972
504,Philippines,PHL,2016,corp_fcy_sustainability,0.0,corp,fcy,sustainability,73.7,68.06548192771085,5.634518072289154,68.159,5.540999999999997
505,Philippines,PHL,2017,corp_fcy_sustainability,0.0,corp,fcy,sustainability,,,,,
506,Philippines,PHL,2018,corp_fcy_sustainability,0.0,corp,fcy,sustainability,57.65,56.78403614457831,0.8659638554216897,54.802,2.847999999999999
507,Philippines,PHL,2019,corp_fcy_sustainability,300.0,corp,fcy,sustainability,,,,,
508,Philippines,PHL,2020,corp_fcy_sustainability,500.0,corp,fcy,sustainability,38.4,47.19638554216868,-8.796385542168679,47.1,-8.700000000000003
509,Philippines,PHL,2021,corp_fcy_sustainability,0.0,corp,fcy,sustainability,,,,,
510,Philippines,PHL,2022,corp_fcy_sustainability,0.0,corp,fcy,sustainability,28.9,43.137951807228916,-14.237951807228917,36.61,-7.710000000000001
511,Philippines,PHL,2023,corp_fcy_sustainability,0.0,corp,fcy,sustainability,,,,,
512,Philippines,PHL,2024,corp_fcy_sustainability,400.0,corp,fcy,sustainability,32.1,47.23132530120482,-15.131325301204818,39.95,-7.850000000000001
513,Singapore,SGP,2016,corp_fcy_sustainability,0.0,corp,fcy,sustainability,87.04,68.06548192771085,18.974518072289158,68.159,18.881
514,Singapore,SGP,2017,corp_fcy_sustainability,0.0,corp,fcy,sustainability,,,,,
515,Singapore,SGP,2018,corp_fcy_sustainability,0.0,corp,fcy,sustainability,64.23,56.78403614457831,7.445963855421695,54.802,9.428000000000004
516,Singapore,SGP,2019,corp_fcy_sustainability,91.2825,corp,fcy,sustainability,,,,,
517,Singapore,SGP,2020,corp_fcy_sustainability,0.0,corp,fcy,sustainability,58.1,47.19638554216868,10.903614457831324,47.1,11.0
518,Singapore,SGP,2021,corp_fcy_sustainability,1527.0,corp,fcy,sustainability,,,,,
519,Singapore,SGP,2022,corp_fcy_sustainability,45.0,corp,fcy,sustainability,50.9,43.137951807228916,7.762048192771083,36.61,14.29
520,Singapore,SGP,2023,corp_fcy_sustainability,0.0,corp,fcy,sustainability,,,,,
521,Singapore,SGP,2024,corp_fcy_sustainability,0.0,corp,fcy,sustainability,53.0,47.23132530120482,5.768674698795181,39.95,13.049999999999997
522,Thailand,THA,2016,corp_fcy_sustainability,0.0,corp,fcy,sustainability,69.54,68.06548192771085,1.4745180722891575,68.159,1.3810000000000002
523,Thailand,THA,2017,corp_fcy_sustainability,0.0,corp,fcy,sustainability,,,,,
524,Thailand,THA,2018,corp_fcy_sustainability,100.0,corp,fcy,sustainability,49.88,56.78403614457831,-6.904036144578306,54.802,-4.921999999999997
525,Thailand,THA,2019,corp_fcy_sustainability,0.0,corp,fcy,sustainability,,,,,
526,Thailand,THA,2020,corp_fcy_sustainability,0.0,corp,fcy,sustainability,45.4,47.19638554216868,-1.7963855421686787,47.1,-1.7000000000000028
527,Thailand,THA,2021,corp_fcy_sustainability,0.0,corp,fcy,sustainability,,,,,
528,Thailand,THA,2022,corp_fcy_sustainability,83.8009,corp,fcy,sustainability,38.1,43.137951807228916,-5.0379518072289144,36.61,1.490000000000002
529,Thailand,THA,2023,corp_fcy_sustainability,0.0,corp,fcy,sustainability,,,,,
530,Thailand,THA,2024,corp_fcy_sustainability,0.0,corp,fcy,sustainability,45.7,47.23132530120482,-1.5313253012048165,39.95,5.75
531,Viet Nam,VNM,2016,corp_fcy_sustainability,0.0,corp,fcy,sustainability,58.5,68.06548192771085,-9.565481927710849,68.159,-9.659000000000006
532,Viet Nam,VNM,2017,corp_fcy_sustainability,0.0,corp,fcy,sustainability,,,,,
533,Viet Nam,VNM,2018,corp_fcy_sustainability,0.0,corp,fcy,sustainability,46.96,56.78403614457831,-9.824036144578308,54.802,-7.841999999999999
534,Viet Nam,VNM,2019,corp_fcy_sustainability,0.0,corp,fcy,sustainability,,,,,
535,Viet Nam,VNM,2020,corp_fcy_sustainability,0.0,corp,fcy,sustainability,33.4,47.19638554216868,-13.796385542168679,47.1,-13.700000000000003
536,Viet Nam,VNM,2021,corp_fcy_sustainability,425.0,corp,fcy,sustainability,,,,,
537,Viet Nam,VNM,2022,corp_fcy_sustainability,0.0,corp,fcy,sustainability,20.1,43.137951807228916,-23.037951807228914,36.61,-16.509999999999998
538,Viet Nam,VNM,2023,corp_fcy_sustainability,0.0,corp,fcy,sustainability,,,,,
539,Viet Nam,VNM,2024,corp_fcy_sustainability,0.0,corp,fcy,sustainability,24.6,47.23132530120482,-22.631325301204818,39.95,-15.350000000000001
540,Indonesia,IDN,2016,govt_lcy_sustainability,0.0,govt,lcy,sustainability,65.85,68.06548192771085,-2.2154819277108544,68.159,-2.3090000000000117
541,Indonesia,IDN,2017,govt_lcy_sustainability,0.0,govt,lcy,sustainability,,,,,
542,Indonesia,IDN,2018,govt_lcy_sustainability,0.0,govt,lcy,sustainability,46.92,56.78403614457831,-9.864036144578307,54.802,-7.881999999999998
543,Indonesia,IDN,2019,govt_lcy_sustainability,0.0,govt,lcy,sustainability,,,,,
544,Indonesia,IDN,2020,govt_lcy_sustainability,0.0,govt,lcy,sustainability,37.8,47.19638554216868,-9.39638554216868,47.1,-9.300000000000004
545,Indonesia,IDN,2021,govt_lcy_sustainability,0.0,govt,lcy,sustainability,,,,,
546,Indonesia,IDN,2022,govt_lcy_sustainability,208.872,govt,lcy,sustainability,28.2,43.137951807228916,-14.937951807228917,36.61,-8.41
547,Indonesia,IDN,2023,govt_lcy_sustainability,476.5545,govt,lcy,sustainability,,,,,
548,Indonesia,IDN,2024,govt_lcy_sustainability,102.3037,govt,lcy,sustainability,33.6,47.23132530120482,-13.631325301204818,39.95,-6.350000000000001
549,Japan,JPN,2016,govt_lcy_sustainability,0.0,govt,lcy,sustainability,80.59,68.06548192771085,12.524518072289155,68.159,12.430999999999997
550,Japan,JPN,2017,govt_lcy_sustainability,0.0,govt,lcy,sustainability,,,,,
551,Japan,JPN,2018,govt_lcy_sustainability,0.0,govt,lcy,sustainability,74.69,56.78403614457831,17.90596385542169,54.802,19.887999999999998
552,Japan,JPN,2019,govt_lcy_sustainability,894.0848,govt,lcy,sustainability,,,,,
553,Japan,JPN,2020,govt_lcy_sustainability,1007.6785,govt,lcy,sustainability,75.1,47.19638554216868,27.903614457831317,47.1,27.999999999999993
554,Japan,JPN,2021,govt_lcy_sustainability,956.17,govt,lcy,sustainability,,,,,
555,Japan,JPN,2022,govt_lcy_sustainability,1051.7522,govt,lcy,sustainability,57.2,43.137951807228916,14.062048192771087,36.61,20.590000000000003
556,Japan,JPN,2023,govt_lcy_sustainability,2128.981,govt,lcy,sustainability,,,,,
557,Japan,JPN,2024,govt_lcy_sustainability,1202.4407,govt,lcy,sustainability,61.4,47.23132530120482,14.16867469879518,39.95,21.449999999999996
558,Cambodia,KHM,2016,govt_lcy_sustainability,0.0,govt,lcy,sustainability,51.24,68.06548192771085,-16.825481927710847,68.159,-16.919000000000004
559,Cambodia,KHM,2017,govt_lcy_sustainability,0.0,govt,lcy,sustainability,,,,,
560,Cambodia,KHM,2018,govt_lcy_sustainability,0.0,govt,lcy,sustainability,43.23,56.78403614457831,-13.554036144578312,54.802,-11.572000000000003
561,Cambodia,KHM,2019,govt_lcy_sustainability,0.0,govt,lcy,sustainability,,,,,
562,Cambodia,KHM,2020,govt_lcy_sustainability,0.0,govt,lcy,sustainability,33.6,47.19638554216868,-13.596385542168676,47.1,-13.5
563,Cambodia,KHM,2021,govt_lcy_sustainability,0.0,govt,lcy,sustainability,,,,,
564,Cambodia,KHM,2022,govt_lcy_sustainability,0.0,govt,lcy,sustainability,30.1,43.137951807228916,-13.037951807228914,36.61,-6.509999999999998
565,Cambodia,KHM,2023,govt_lcy_sustainability,0.0,govt,lcy,sustainability,,,,,
566,Cambodia,KHM,2024,govt_lcy_sustainability,0.0,govt,lcy,sustainability,31.2,47.23132530120482,-16.03132530120482,39.95,-8.750000000000004
567,South Korea,KOR,2016,govt_lcy_sustainability,0.0,govt,lcy,sustainability,70.61,68.06548192771085,2.5445180722891507,68.159,2.4509999999999934
568,South Korea,KOR,2017,govt_lcy_sustainability,0.0,govt,lcy,sustainability,,,,,
569,South Korea,KOR,2018,govt_lcy_sustainability,312.3187,govt,lcy,sustainability,62.3,56.78403614457831,5.515963855421688,54.802,7.4979999999999976
570,South Korea,KOR,2019,govt_lcy_sustainability,1149.2631,govt,lcy,sustainability,,,,,
571,South Korea,KOR,2020,govt_lcy_sustainability,649.0003,govt,lcy,sustainability,66.5,47.19638554216868,19.303614457831323,47.1,19.4
572,South Korea,KOR,2021,govt_lcy_sustainability,42.4755,govt,lcy,sustainability,,,,,
573,South Korea,KOR,2022,govt_lcy_sustainability,272.9963,govt,lcy,sustainability,46.9,43.137951807228916,3.7620481927710827,36.61,10.29
574,South Korea,KOR,2023,govt_lcy_sustainability,90.7304,govt,lcy,sustainability,,,,,
575,South Korea,KOR,2024,govt_lcy_sustainability,67.489,govt,lcy,sustainability,50.6,47.23132530120482,3.368674698795182,39.95,10.649999999999999
576,Laos,LAO,2016,govt_lcy_sustainability,0.0,govt,lcy,sustainability,50.29,68.06548192771085,-17.77548192771085,68.159,-17.869000000000007
577,Laos,LAO,2017,govt_lcy_sustainability,0.0,govt,lcy,sustainability,,,,,
578,Laos,LAO,2018,govt_lcy_sustainability,0.0,govt,lcy,sustainability,42.94,56.78403614457831,-13.844036144578311,54.802,-11.862000000000002
579,Laos,LAO,2019,govt_lcy_sustainability,0.0,govt,lcy,sustainability,,,,,
580,Laos,LAO,2020,govt_lcy_sustainability,0.0,govt,lcy,sustainability,34.8,47.19638554216868,-12.39638554216868,47.1,-12.300000000000004
581,Laos,LAO,2021,govt_lcy_sustainability,0.0,govt,lcy,sustainability,,,,,
582,Laos,LAO,2022,govt_lcy_sustainability,0.0,govt,lcy,sustainability,30.7,43.137951807228916,-12.437951807228917,36.61,-5.91
583,Laos,LAO,2023,govt_lcy_sustainability,0.0,govt,lcy,sustainability,,,,,
584,Laos,LAO,2024,govt_lcy_sustainability,0.0,govt,lcy,sustainability,26.3,47.23132530120482,-20.93132530120482,39.95,-13.650000000000002
585,Malaysia,MYS,2016,govt_lcy_sustainability,0.0,govt,lcy,sustainability,74.23,68.06548192771085,6.164518072289155,68.159,6.070999999999998
586,Malaysia,MYS,2017,govt_lcy_sustainability,0.0,govt,lcy,sustainability,,,,,
587,Malaysia,MYS,2018,govt_lcy_sustainability,0.0,govt,lcy,sustainability,59.22,56.78403614457831,2.43596385542169,54.802,4.417999999999999
588,Malaysia,MYS,2019,govt_lcy_sustainability,0.0,govt,lcy,sustainability,,,,,
589,Malaysia,MYS,2020,govt_lcy_sustainability,0.0,govt,lcy,sustainability,47.9,47.19638554216868,0.7036144578313213,47.1,0.7999999999999972
590,Malaysia,MYS,2021,govt_lcy_sustainability,0.0,govt,lcy,sustainability,,,,,
591,Malaysia,MYS,2022,govt_lcy_sustainability,970.3504,govt,lcy,sustainability,35.0,43.137951807228916,-8.137951807228916,36.61,-1.6099999999999994
592,Malaysia,MYS,2023,govt_lcy_sustainability,1232.5717,govt,lcy,sustainability,,,,,
593,Malaysia,MYS,2024,govt_lcy_sustainability,0.0,govt,lcy,sustainability,41.0,47.23132530120482,-6.231325301204819,39.95,1.0499999999999972
594,Philippines,PHL,2016,govt_lcy_sustainability,0.0,govt,lcy,sustainability,73.7,68.06548192771085,5.634518072289154,68.159,5.540999999999997
595,Philippines,PHL,2017,govt_lcy_sustainability,0.0,govt,lcy,sustainability,,,,,
596,Philippines,PHL,2018,govt_lcy_sustainability,0.0,govt,lcy,sustainability,57.65,56.78403614457831,0.8659638554216897,54.802,2.847999999999999
597,Philippines,PHL,2019,govt_lcy_sustainability,0.0,govt,lcy,sustainability,,,,,
598,Philippines,PHL,2020,govt_lcy_sustainability,0.0,govt,lcy,sustainability,38.4,47.19638554216868,-8.796385542168679,47.1,-8.700000000000003
599,Philippines,PHL,2021,govt_lcy_sustainability,0.0,govt,lcy,sustainability,,,,,
600,Philippines,PHL,2022,govt_lcy_sustainability,0.0,govt,lcy,sustainability,28.9,43.137951807228916,-14.237951807228917,36.61,-7.710000000000001
601,Philippines,PHL,2023,govt_lcy_sustainability,0.0,govt,lcy,sustainability,,,,,
602,Philippines,PHL,2024,govt_lcy_sustainability,0.0,govt,lcy,sustainability,32.1,47.23132530120482,-15.131325301204818,39.95,-7.850000000000001
603,Singapore,SGP,2016,govt_lcy_sustainability,0.0,govt,lcy,sustainability,87.04,68.06548192771085,18.974518072289158,68.159,18.881
604,Singapore,SGP,2017,govt_lcy_sustainability,0.0,govt,lcy,sustainability,,,,,
605,Singapore,SGP,2018,govt_lcy_sustainability,0.0,govt,lcy,sustainability,64.23,56.78403614457831,7.445963855421695,54.802,9.428000000000004
606,Singapore,SGP,2019,govt_lcy_sustainability,0.0,govt,lcy,sustainability,,,,,
607,Singapore,SGP,2020,govt_lcy_sustainability,0.0,govt,lcy,sustainability,58.1,47.19638554216868,10.903614457831324,47.1,11.0
608,Singapore,SGP,2021,govt_lcy_sustainability,0.0,govt,lcy,sustainability,,,,,
609,Singapore,SGP,2022,govt_lcy_sustainability,0.0,govt,lcy,sustainability,50.9,43.137951807228916,7.762048192771083,36.61,14.29
610,Singapore,SGP,2023,govt_lcy_sustainability,0.0,govt,lcy,sustainability,,,,,
611,Singapore,SGP,2024,govt_lcy_sustainability,0.0,govt,lcy,sustainability,53.0,47.23132530120482,5.768674698795181,39.95,13.049999999999997
612,Thailand,THA,2016,govt_lcy_sustainability,0.0,govt,lcy,sustainability,69.54,68.06548192771085,1.4745180722891575,68.159,1.3810000000000002
613,Thailand,THA,2017,govt_lcy_sustainability,0.0,govt,lcy,sustainability,,,,,
614,Thailand,THA,2018,govt_lcy_sustainability,0.0,govt,lcy,sustainability,49.88,56.78403614457831,-6.904036144578306,54.802,-4.921999999999997
615,Thailand,THA,2019,govt_lcy_sustainability,0.0,govt,lcy,sustainability,,,,,
616,Thailand,THA,2020,govt_lcy_sustainability,1621.0961,govt,lcy,sustainability,45.4,47.19638554216868,-1.7963855421686787,47.1,-1.7000000000000028
617,Thailand,THA,2021,govt_lcy_sustainability,5202.2166,govt,lcy,sustainability,,,,,
618,Thailand,THA,2022,govt_lcy_sustainability,2046.3887,govt,lcy,sustainability,38.1,43.137951807228916,-5.0379518072289144,36.61,1.490000000000002
619,Thailand,THA,2023,govt_lcy_sustainability,3882.0985,govt,lcy,sustainability,,,,,
620,Thailand,THA,2024,govt_lcy_sustainability,1281.2697,govt,lcy,sustainability,45.7,47.23132530120482,-1.5313253012048165,39.95,5.75
621,Viet Nam,VNM,2016,govt_lcy_sustainability,0.0,govt,lcy,sustainability,58.5,68.06548192771085,-9.565481927710849,68.159,-9.659000000000006
622,Viet Nam,VNM,2017,govt_lcy_sustainability,0.0,govt,lcy,sustainability,,,,,
623,Viet Nam,VNM,2018,govt_lcy_sustainability,0.0,govt,lcy,sustainability,46.96,56.78403614457831,-9.824036144578308,54.802,-7.841999999999999
624,Viet Nam,VNM,2019,govt_lcy_sustainability,0.0,govt,lcy,sustainability,,,,,
625,Viet Nam,VNM,2020,govt_lcy_sustainability,0.0,govt,lcy,sustainability,33.4,47.19638554216868,-13.796385542168679,47.1,-13.700000000000003
626,Viet Nam,VNM,2021,govt_lcy_sustainability,0.0,govt,lcy,sustainability,,,,,
627,Viet Nam,VNM,2022,govt_lcy_sustainability,0.0,govt,lcy,sustainability,20.1,43.137951807228916,-23.037951807228914,36.61,-16.509999999999998
628,Viet Nam,VNM,2023,govt_lcy_sustainability,0.0,govt,lcy,sustainability,,,,,
629,Viet Nam,VNM,2024,govt_lcy_sustainability,0.0,govt,lcy,sustainability,24.6,47.23132530120482,-22.631325301204818,39.95,-15.350000000000001
630,Indonesia,IDN,2016,corp_lcy_sustainability,0.0,corp,lcy,sustainability,65.85,68.06548192771085,-2.2154819277108544,68.159,-2.3090000000000117
631,Indonesia,IDN,2017,corp_lcy_sustainability,0.0,corp,lcy,sustainability,,,,,
632,Indonesia,IDN,2018,corp_lcy_sustainability,0.0,corp,lcy,sustainability,46.92,56.78403614457831,-9.864036144578307,54.802,-7.881999999999998
633,Indonesia,IDN,2019,corp_lcy_sustainability,0.0,corp,lcy,sustainability,,,,,
634,Indonesia,IDN,2020,corp_lcy_sustainability,0.0,corp,lcy,sustainability,37.8,47.19638554216868,-9.39638554216868,47.1,-9.300000000000004
635,Indonesia,IDN,2021,corp_lcy_sustainability,0.0,corp,lcy,sustainability,,,,,
636,Indonesia,IDN,2022,corp_lcy_sustainability,0.0,corp,lcy,sustainability,28.2,43.137951807228916,-14.937951807228917,36.61,-8.41
637,Indonesia,IDN,2023,corp_lcy_sustainability,0.0,corp,lcy,sustainability,,,,,
638,Indonesia,IDN,2024,corp_lcy_sustainability,79.2683,corp,lcy,sustainability,33.6,47.23132530120482,-13.631325301204818,39.95,-6.350000000000001
639,Japan,JPN,2016,corp_lcy_sustainability,0.0,corp,lcy,sustainability,80.59,68.06548192771085,12.524518072289155,68.159,12.430999999999997
640,Japan,JPN,2017,corp_lcy_sustainability,0.0,corp,lcy,sustainability,,,,,
641,Japan,JPN,2018,corp_lcy_sustainability,0.0,corp,lcy,sustainability,74.69,56.78403614457831,17.90596385542169,54.802,19.887999999999998
642,Japan,JPN,2019,corp_lcy_sustainability,457.8719,corp,lcy,sustainability,,,,,
643,Japan,JPN,2020,corp_lcy_sustainability,3184.9355,corp,lcy,sustainability,75.1,47.19638554216868,27.903614457831317,47.1,27.999999999999993
644,Japan,JPN,2021,corp_lcy_sustainability,3890.2424,corp,lcy,sustainability,,,,,
645,Japan,JPN,2022,corp_lcy_sustainability,3109.662,corp,lcy,sustainability,57.2,43.137951807228916,14.062048192771087,36.61,20.590000000000003
646,Japan,JPN,2023,corp_lcy_sustainability,3932.4182,corp,lcy,sustainability,,,,,
647,Japan,JPN,2024,corp_lcy_sustainability,839.5211,corp,lcy,sustainability,61.4,47.23132530120482,14.16867469879518,39.95,21.449999999999996
648,Cambodia,KHM,2016,corp_lcy_sustainability,0.0,corp,lcy,sustainability,51.24,68.06548192771085,-16.825481927710847,68.159,-16.919000000000004
649,Cambodia,KHM,2017,corp_lcy_sustainability,0.0,corp,lcy,sustainability,,,,,
650,Cambodia,KHM,2018,corp_lcy_sustainability,0.0,corp,lcy,sustainability,43.23,56.78403614457831,-13.554036144578312,54.802,-11.572000000000003
651,Cambodia,KHM,2019,corp_lcy_sustainability,0.0,corp,lcy,sustainability,,,,,
652,Cambodia,KHM,2020,corp_lcy_sustainability,0.0,corp,lcy,sustainability,33.6,47.19638554216868,-13.596385542168676,47.1,-13.5
653,Cambodia,KHM,2021,corp_lcy_sustainability,0.0,corp,lcy,sustainability,,,,,
654,Cambodia,KHM,2022,corp_lcy_sustainability,0.0,corp,lcy,sustainability,30.1,43.137951807228916,-13.037951807228914,36.61,-6.509999999999998
655,Cambodia,KHM,2023,corp_lcy_sustainability,20.0243,corp,lcy,sustainability,,,,,
656,Cambodia,KHM,2024,corp_lcy_sustainability,0.0,corp,lcy,sustainability,31.2,47.23132530120482,-16.03132530120482,39.95,-8.750000000000004
657,South Korea,KOR,2016,corp_lcy_sustainability,0.0,corp,lcy,sustainability,70.61,68.06548192771085,2.5445180722891507,68.159,2.4509999999999934
658,South Korea,KOR,2017,corp_lcy_sustainability,0.0,corp,lcy,sustainability,,,,,
659,South Korea,KOR,2018,corp_lcy_sustainability,0.0,corp,lcy,sustainability,62.3,56.78403614457831,5.515963855421688,54.802,7.4979999999999976
660,South Korea,KOR,2019,corp_lcy_sustainability,435.955,corp,lcy,sustainability,,,,,
661,South Korea,KOR,2020,corp_lcy_sustainability,3325.6511,corp,lcy,sustainability,66.5,47.19638554216868,19.303614457831323,47.1,19.4
662,South Korea,KOR,2021,corp_lcy_sustainability,10660.2435,corp,lcy,sustainability,,,,,
663,South Korea,KOR,2022,corp_lcy_sustainability,4089.4143,corp,lcy,sustainability,46.9,43.137951807228916,3.7620481927710827,36.61,10.29
664,South Korea,KOR,2023,corp_lcy_sustainability,2211.4111,corp,lcy,sustainability,,,,,
665,South Korea,KOR,2024,corp_lcy_sustainability,1150.837,corp,lcy,sustainability,50.6,47.23132530120482,3.368674698795182,39.95,10.649999999999999
666,Laos,LAO,2016,corp_lcy_sustainability,0.0,corp,lcy,sustainability,50.29,68.06548192771085,-17.77548192771085,68.159,-17.869000000000007
667,Laos,LAO,2017,corp_lcy_sustainability,0.0,corp,lcy,sustainability,,,,,
668,Laos,LAO,2018,corp_lcy_sustainability,0.0,corp,lcy,sustainability,42.94,56.78403614457831,-13.844036144578311,54.802,-11.862000000000002
669,Laos,LAO,2019,corp_lcy_sustainability,0.0,corp,lcy,sustainability,,,,,
670,Laos,LAO,2020,corp_lcy_sustainability,0.0,corp,lcy,sustainability,34.8,47.19638554216868,-12.39638554216868,47.1,-12.300000000000004
671,Laos,LAO,2021,corp_lcy_sustainability,0.0,corp,lcy,sustainability,,,,,
672,Laos,LAO,2022,corp_lcy_sustainability,0.0,corp,lcy,sustainability,30.7,43.137951807228916,-12.437951807228917,36.61,-5.91
673,Laos,LAO,2023,corp_lcy_sustainability,0.0,corp,lcy,sustainability,,,,,
674,Laos,LAO,2024,corp_lcy_sustainability,0.0,corp,lcy,sustainability,26.3,47.23132530120482,-20.93132530120482,39.95,-13.650000000000002
675,Malaysia,MYS,2016,corp_lcy_sustainability,0.0,corp,lcy,sustainability,74.23,68.06548192771085,6.164518072289155,68.159,6.070999999999998
676,Malaysia,MYS,2017,corp_lcy_sustainability,0.0,corp,lcy,sustainability,,,,,
677,Malaysia,MYS,2018,corp_lcy_sustainability,120.7584,corp,lcy,sustainability,59.22,56.78403614457831,2.43596385542169,54.802,4.417999999999999
678,Malaysia,MYS,2019,corp_lcy_sustainability,182.7302,corp,lcy,sustainability,,,,,
679,Malaysia,MYS,2020,corp_lcy_sustainability,282.3537,corp,lcy,sustainability,47.9,47.19638554216868,0.7036144578313213,47.1,0.7999999999999972
680,Malaysia,MYS,2021,corp_lcy_sustainability,1713.6686,corp,lcy,sustainability,,,,,
681,Malaysia,MYS,2022,corp_lcy_sustainability,2606.0785,corp,lcy,sustainability,35.0,43.137951807228916,-8.137951807228916,36.61,-1.6099999999999994
682,Malaysia,MYS,2023,corp_lcy_sustainability,2204.4029,corp,lcy,sustainability,,,,,
683,Malaysia,MYS,2024,corp_lcy_sustainability,1204.8697,corp,lcy,sustainability,41.0,47.23132530120482,-6.231325301204819,39.95,1.0499999999999972
684,Philippines,PHL,2016,corp_lcy_sustainability,0.0,corp,lcy,sustainability,73.7,68.06548192771085,5.634518072289154,68.159,5.540999999999997
685,Philippines,PHL,2017,corp_lcy_sustainability,0.0,corp,lcy,sustainability,,,,,
686,Philippines,PHL,2018,corp_lcy_sustainability,0.0,corp,lcy,sustainability,57.65,56.78403614457831,0.8659638554216897,54.802,2.847999999999999
687,Philippines,PHL,2019,corp_lcy_sustainability,658.4201,corp,lcy,sustainability,,,,,
688,Philippines,PHL,2020,corp_lcy_sustainability,580.166,corp,lcy,sustainability,38.4,47.19638554216868,-8.796385542168679,47.1,-8.700000000000003
689,Philippines,PHL,2021,corp_lcy_sustainability,368.256,corp,lcy,sustainability,,,,,
690,Philippines,PHL,2022,corp_lcy_sustainability,1316.6879,corp,lcy,sustainability,28.9,43.137951807228916,-14.237951807228917,36.61,-7.710000000000001
691,Philippines,PHL,2023,corp_lcy_sustainability,0.0,corp,lcy,sustainability,,,,,
692,Philippines,PHL,2024,corp_lcy_sustainability,2665.9232,corp,lcy,sustainability,32.1,47.23132530120482,-15.131325301204818,39.95,-7.850000000000001
693,Singapore,SGP,2016,corp_lcy_sustainability,0.0,corp,lcy,sustainability,87.04,68.06548192771085,18.974518072289158,68.159,18.881
694,Singapore,SGP,2017,corp_lcy_sustainability,0.0,corp,lcy,sustainability,,,,,
695,Singapore,SGP,2018,corp_lcy_sustainability,0.0,corp,lcy,sustainability,64.23,56.78403614457831,7.445963855421695,54.802,9.428000000000004
696,Singapore,SGP,2019,corp_lcy_sustainability,0.0,corp,lcy,sustainability,,,,,
697,Singapore,SGP,2020,corp_lcy_sustainability,0.0,corp,lcy,sustainability,58.1,47.19638554216868,10.903614457831324,47.1,11.0
698,Singapore,SGP,2021,corp_lcy_sustainability,110.4403,corp,lcy,sustainability,,,,,
699,Singapore,SGP,2022,corp_lcy_sustainability,0.0,corp,lcy,sustainability,50.9,43.137951807228916,7.762048192771083,36.61,14.29
700,Singapore,SGP,2023,corp_lcy_sustainability,0.0,corp,lcy,sustainability,,,,,
701,Singapore,SGP,2024,corp_lcy_sustainability,0.0,corp,lcy,sustainability,53.0,47.23132530120482,5.768674698795181,39.95,13.049999999999997
702,Thailand,THA,2016,corp_lcy_sustainability,0.0,corp,lcy,sustainability,69.54,68.06548192771085,1.4745180722891575,68.159,1.3810000000000002
703,Thailand,THA,2017,corp_lcy_sustainability,0.0,corp,lcy,sustainability,,,,,
704,Thailand,THA,2018,corp_lcy_sustainability,0.0,corp,lcy,sustainability,49.88,56.78403614457831,-6.904036144578306,54.802,-4.921999999999997
705,Thailand,THA,2019,corp_lcy_sustainability,0.0,corp,lcy,sustainability,,,,,
706,Thailand,THA,2020,corp_lcy_sustainability,0.0,corp,lcy,sustainability,45.4,47.19638554216868,-1.7963855421686787,47.1,-1.7000000000000028
707,Thailand,THA,2021,corp_lcy_sustainability,191.3143,corp,lcy,sustainability,,,,,
708,Thailand,THA,2022,corp_lcy_sustainability,123.1359,corp,lcy,sustainability,38.1,43.137951807228916,-5.0379518072289144,36.61,1.490000000000002
709,Thailand,THA,2023,corp_lcy_sustainability,188.9919,corp,lcy,sustainability,,,,,
710,Thailand,THA,2024,corp_lcy_sustainability,374.7509,corp,lcy,sustainability,45.7,47.23132530120482,-1.5313253012048165,39.95,5.75
711,Viet Nam,VNM,2016,corp_lcy_sustainability,0.0,corp,lcy,sustainability,58.5,68.06548192771085,-9.565481927710849,68.159,-9.659000000000006
712,Viet Nam,VNM,2017,corp_lcy_sustainability,0.0,corp,lcy,sustainability,,,,,
713,Viet Nam,VNM,2018,corp_lcy_sustainability,0.0,corp,lcy,sustainability,46.96,56.78403614457831,-9.824036144578308,54.802,-7.841999999999999
714,Viet Nam,VNM,2019,corp_lcy_sustainability,0.0,corp,lcy,sustainability,,,,,
715,Viet Nam,VNM,2020,corp_lcy_sustainability,0.0,corp,lcy,sustainability,33.4,47.19638554216868,-13.796385542168679,47.1,-13.700000000000003
716,Viet Nam,VNM,2021,corp_lcy_sustainability,0.0,corp,lcy,sustainability,,,,,
717,Viet Nam,VNM,2022,corp_lcy_sustainability,0.0,corp,lcy,sustainability,20.1,43.137951807228916,-23.037951807228914,36.61,-16.509999999999998
718,Viet Nam,VNM,2023,corp_lcy_sustainability,0.0,corp,lcy,sustainability,,,,,
719,Viet Nam,VNM,2024,corp_lcy_sustainability,0.0,corp,lcy,sustainability,24.6,47.23132530120482,-22.631325301204818,39.95,-15.350000000000001
720,Indonesia,IDN,2016,corp_lcy,8378.6276256,corp,lcy,,65.85,68.06548192771085,-2.2154819277108544,68.159,-2.3090000000000117
721,Indonesia,IDN,2017,corp_lcy,11424.3356695,corp,lcy,,,,,,
722,Indonesia,IDN,2018,corp_lcy,6913.4252953,corp,lcy,,46.92,56.78403614457831,-9.864036144578307,54.802,-7.881999999999998
723,Indonesia,IDN,2019,corp_lcy,9318.6288764,corp,lcy,,,,,,
724,Indonesia,IDN,2020,corp_lcy,6163.0576512,corp,lcy,,37.8,47.19638554216868,-9.39638554216868,47.1,-9.300000000000004
725,Indonesia,IDN,2021,corp_lcy,7243.3726424999995,corp,lcy,,,,,,
726,Indonesia,IDN,2022,corp_lcy,9763.6848214,corp,lcy,,28.2,43.137951807228916,-14.937951807228917,36.61,-8.41
727,Indonesia,IDN,2023,corp_lcy,8065.486322,corp,lcy,,,,,,
728,Indonesia,IDN,2024,corp_lcy,,corp,lcy,,33.6,47.23132530120482,-13.631325301204818,39.95,-6.350000000000001
729,Japan,JPN,2016,corp_lcy,118166.5774624,corp,lcy,,80.59,68.06548192771085,12.524518072289155,68.159,12.430999999999997
730,Japan,JPN,2017,corp_lcy,126293.59659239999,corp,lcy,,,,,,
731,Japan,JPN,2018,corp_lcy,127636.0023703,corp,lcy,,74.69,56.78403614457831,17.90596385542169,54.802,19.887999999999998
732,Japan,JPN,2019,corp_lcy,161930.5616426,corp,lcy,,,,,,
733,Japan,JPN,2020,corp_lcy,168484.16464889998,corp,lcy,,75.1,47.19638554216868,27.903614457831317,47.1,27.999999999999993
734,Japan,JPN,2021,corp_lcy,147435.41883910002,corp,lcy,,,,,,
735,Japan,JPN,2022,corp_lcy,108697.7120195,corp,lcy,,57.2,43.137951807228916,14.062048192771087,36.61,20.590000000000003
736,Japan,JPN,2023,corp_lcy,122031.38825870001,corp,lcy,,,,,,
737,Japan,JPN,2024,corp_lcy,,corp,lcy,,61.4,47.23132530120482,14.16867469879518,39.95,21.449999999999996
738,Cambodia,KHM,2016,corp_lcy,,corp,lcy,,51.24,68.06548192771085,-16.825481927710847,68.159,-16.919000000000004
739,Cambodia,KHM,2017,corp_lcy,,corp,lcy,,,,,,
740,Cambodia,KHM,2018,corp_lcy,,corp,lcy,,43.23,56.78403614457831,-13.554036144578312,54.802,-11.572000000000003
741,Cambodia,KHM,2019,corp_lcy,,corp,lcy,,,,,,
742,Cambodia,KHM,2020,corp_lcy,,corp,lcy,,33.6,47.19638554216868,-13.596385542168676,47.1,-13.5
743,Cambodia,KHM,2021,corp_lcy,,corp,lcy,,,,,,
744,Cambodia,KHM,2022,corp_lcy,,corp,lcy,,30.1,43.137951807228916,-13.037951807228914,36.61,-6.509999999999998
745,Cambodia,KHM,2023,corp_lcy,,corp,lcy,,,,,,
746,Cambodia,KHM,2024,corp_lcy,,corp,lcy,,31.2,47.23132530120482,-16.03132530120482,39.95,-8.750000000000004
747,South Korea,KOR,2016,corp_lcy,304248.5259116,corp,lcy,,70.61,68.06548192771085,2.5445180722891507,68.159,2.4509999999999934
748,South Korea,KOR,2017,corp_lcy,396046.4680532,corp,lcy,,,,,,
749,South Korea,KOR,2018,corp_lcy,421201.6742428,corp,lcy,,62.3,56.78403614457831,5.515963855421688,54.802,7.4979999999999976
750,South Korea,KOR,2019,corp_lcy,447346.51854930003,corp,lcy,,,,,,
751,South Korea,KOR,2020,corp_lcy,496851.38654960005,corp,lcy,,66.5,47.19638554216868,19.303614457831323,47.1,19.4
752,South Korea,KOR,2021,corp_lcy,480768.6489394,corp,lcy,,,,,,
753,South Korea,KOR,2022,corp_lcy,471304.6226788,corp,lcy,,46.9,43.137951807228916,3.7620481927710827,36.61,10.29
754,South Korea,KOR,2023,corp_lcy,609555.158761,corp,lcy,,,,,,
755,South Korea,KOR,2024,corp_lcy,,corp,lcy,,50.6,47.23132530120482,3.368674698795182,39.95,10.649999999999999
756,Laos,LAO,2016,corp_lcy,,corp,lcy,,50.29,68.06548192771085,-17.77548192771085,68.159,-17.869000000000007
757,Laos,LAO,2017,corp_lcy,,corp,lcy,,,,,,
758,Laos,LAO,2018,corp_lcy,,corp,lcy,,42.94,56.78403614457831,-13.844036144578311,54.802,-11.862000000000002
759,Laos,LAO,2019,corp_lcy,,corp,lcy,,,,,,
760,Laos,LAO,2020,corp_lcy,0.0,corp,lcy,,34.8,47.19638554216868,-12.39638554216868,47.1,-12.300000000000004
761,Laos,LAO,2021,corp_lcy,0.0,corp,lcy,,,,,,
762,Laos,LAO,2022,corp_lcy,0.0,corp,lcy,,30.7,43.137951807228916,-12.437951807228917,36.61,-5.91
763,Laos,LAO,2023,corp_lcy,,corp,lcy,,,,,,
764,Laos,LAO,2024,corp_lcy,,corp,lcy,,26.3,47.23132530120482,-20.93132530120482,39.95,-13.650000000000002
765,Malaysia,MYS,2016,corp_lcy,30711.0472114,corp,lcy,,74.23,68.06548192771085,6.164518072289155,68.159,6.070999999999998
766,Malaysia,MYS,2017,corp_lcy,44215.593723,corp,lcy,,,,,,
767,Malaysia,MYS,2018,corp_lcy,38939.373412400004,corp,lcy,,59.22,56.78403614457831,2.43596385542169,54.802,4.417999999999999
768,Malaysia,MYS,2019,corp_lcy,50834.9547788,corp,lcy,,,,,,
769,Malaysia,MYS,2020,corp_lcy,42631.0225605,corp,lcy,,47.9,47.19638554216868,0.7036144578313213,47.1,0.7999999999999972
770,Malaysia,MYS,2021,corp_lcy,40280.235209399994,corp,lcy,,,,,,
771,Malaysia,MYS,2022,corp_lcy,43425.1362398,corp,lcy,,35.0,43.137951807228916,-8.137951807228916,36.61,-1.6099999999999994
772,Malaysia,MYS,2023,corp_lcy,35136.3299956,corp,lcy,,,,,,
773,Malaysia,MYS,2024,corp_lcy,,corp,lcy,,41.0,47.23132530120482,-6.231325301204819,39.95,1.0499999999999972
774,Philippines,PHL,2016,corp_lcy,2747.358871,corp,lcy,,73.7,68.06548192771085,5.634518072289154,68.159,5.540999999999997
775,Philippines,PHL,2017,corp_lcy,3756.7321966,corp,lcy,,,,,,
776,Philippines,PHL,2018,corp_lcy,5518.698150499999,corp,lcy,,57.65,56.78403614457831,0.8659638554216897,54.802,2.847999999999999
777,Philippines,PHL,2019,corp_lcy,7237.4869213,corp,lcy,,,,,,
778,Philippines,PHL,2020,corp_lcy,7497.6889444,corp,lcy,,38.4,47.19638554216868,-8.796385542168679,47.1,-8.700000000000003
779,Philippines,PHL,2021,corp_lcy,4191.610448699999,corp,lcy,,,,,,
780,Philippines,PHL,2022,corp_lcy,8912.0045219,corp,lcy,,28.9,43.137951807228916,-14.237951807228917,36.61,-7.710000000000001
781,Philippines,PHL,2023,corp_lcy,3709.4191778,corp,lcy,,,,,,
782,Philippines,PHL,2024,corp_lcy,,corp,lcy,,32.1,47.23132530120482,-15.131325301204818,39.95,-7.850000000000001
783,Singapore,SGP,2016,corp_lcy,9277.4398673,corp,lcy,,87.04,68.06548192771085,18.974518072289158,68.159,18.881
784,Singapore,SGP,2017,corp_lcy,12780.4640719,corp,lcy,,,,,,
785,Singapore,SGP,2018,corp_lcy,13742.3875559,corp,lcy,,64.23,56.78403614457831,7.445963855421695,54.802,9.428000000000004
786,Singapore,SGP,2019,corp_lcy,13592.020209499999,corp,lcy,,,,,,
787,Singapore,SGP,2020,corp_lcy,14791.9975796,corp,lcy,,58.1,47.19638554216868,10.903614457831324,47.1,11.0
788,Singapore,SGP,2021,corp_lcy,21321.2750185,corp,lcy,,,,,,
789,Singapore,SGP,2022,corp_lcy,10585.815602800001,corp,lcy,,50.9,43.137951807228916,7.762048192771083,36.61,14.29
790,Singapore,SGP,2023,corp_lcy,5815.647958799999,corp,lcy,,,,,,
791,Singapore,SGP,2024,corp_lcy,,corp,lcy,,53.0,47.23132530120482,5.768674698795181,39.95,13.049999999999997
792,Thailand,THA,2016,corp_lcy,48096.4244811,corp,lcy,,69.54,68.06548192771085,1.4745180722891575,68.159,1.3810000000000002
793,Thailand,THA,2017,corp_lcy,49475.285451200005,corp,lcy,,,,,,
794,Thailand,THA,2018,corp_lcy,50514.1636967,corp,lcy,,49.88,56.78403614457831,-6.904036144578306,54.802,-4.921999999999997
795,Thailand,THA,2019,corp_lcy,59439.2097974,corp,lcy,,,,,,
796,Thailand,THA,2020,corp_lcy,39731.9198664,corp,lcy,,45.4,47.19638554216868,-1.7963855421686787,47.1,-1.7000000000000028
797,Thailand,THA,2021,corp_lcy,48175.075587499996,corp,lcy,,,,,,
798,Thailand,THA,2022,corp_lcy,60380.950729699995,corp,lcy,,38.1,43.137951807228916,-5.0379518072289144,36.61,1.490000000000002
799,Thailand,THA,2023,corp_lcy,61747.762155799996,corp,lcy,,,,,,
800,Thailand,THA,2024,corp_lcy,,corp,lcy,,45.7,47.23132530120482,-1.5313253012048165,39.95,5.75
801,Viet Nam,VNM,2016,corp_lcy,754.0969202,corp,lcy,,58.5,68.06548192771085,-9.565481927710849,68.159,-9.659000000000006
802,Viet Nam,VNM,2017,corp_lcy,1343.9510089,corp,lcy,,,,,,
803,Viet Nam,VNM,2018,corp_lcy,1659.1177433,corp,lcy,,46.96,56.78403614457831,-9.824036144578308,54.802,-7.841999999999999
804,Viet Nam,VNM,2019,corp_lcy,501.840504,corp,lcy,,,,,,
805,Viet Nam,VNM,2020,corp_lcy,9258.5897913,corp,lcy,,33.4,47.19638554216868,-13.796385542168679,47.1,-13.700000000000003
806,Viet Nam,VNM,2021,corp_lcy,16212.7096776,corp,lcy,,,,,,
807,Viet Nam,VNM,2022,corp_lcy,6630.2410231,corp,lcy,,20.1,43.137951807228916,-23.037951807228914,36.61,-16.509999999999998
808,Viet Nam,VNM,2023,corp_lcy,7841.7075281,corp,lcy,,,,,,
809,Viet Nam,VNM,2024,corp_lcy,,corp,lcy,,24.6,47.23132530120482,-22.631325301204818,39.95,-15.350000000000001
810,Indonesia,IDN,2016,govt_lcy,34396.38202,govt,lcy,,65.85,68.06548192771085,-2.2154819277108544,68.159,-2.3090000000000117
811,Indonesia,IDN,2017,govt_lcy,41549.53353,govt,lcy,,,,,,
812,Indonesia,IDN,2018,govt_lcy,40211.15726,govt,lcy,,46.92,56.78403614457831,-9.864036144578307,54.802,-7.881999999999998
813,Indonesia,IDN,2019,govt_lcy,52482.88584,govt,lcy,,,,,,
814,Indonesia,IDN,2020,govt_lcy,97682.44826,govt,lcy,,37.8,47.19638554216868,-9.39638554216868,47.1,-9.300000000000004
815,Indonesia,IDN,2021,govt_lcy,74707.21636,govt,lcy,,,,,,
816,Indonesia,IDN,2022,govt_lcy,57550.10271,govt,lcy,,28.2,43.137951807228916,-14.937951807228917,36.61,-8.41
817,Indonesia,IDN,2023,govt_lcy,49705.17198000001,govt,lcy,,,,,,
818,Indonesia,IDN,2024,govt_lcy,,govt,lcy,,33.6,47.23132530120482,-13.631325301204818,39.95,-6.350000000000001
819,Japan,JPN,2016,govt_lcy,1364379.51436,govt,lcy,,80.59,68.06548192771085,12.524518072289155,68.159,12.430999999999997
820,Japan,JPN,2017,govt_lcy,1376120.9051400002,govt,lcy,,,,,,
821,Japan,JPN,2018,govt_lcy,1349277.9205,govt,lcy,,74.69,56.78403614457831,17.90596385542169,54.802,19.887999999999998
822,Japan,JPN,2019,govt_lcy,1309989.25145,govt,lcy,,,,,,
823,Japan,JPN,2020,govt_lcy,1806328.12591,govt,lcy,,75.1,47.19638554216868,27.903614457831317,47.1,27.999999999999993
824,Japan,JPN,2021,govt_lcy,1995239.13799,govt,lcy,,,,,,
825,Japan,JPN,2022,govt_lcy,1546337.37035,govt,lcy,,57.2,43.137951807228916,14.062048192771087,36.61,20.590000000000003
826,Japan,JPN,2023,govt_lcy,1470645.66081,govt,lcy,,,,,,
827,Japan,JPN,2024,govt_lcy,,govt,lcy,,61.4,47.23132530120482,14.16867469879518,39.95,21.449999999999996
828,Cambodia,KHM,2016,govt_lcy,,govt,lcy,,51.24,68.06548192771085,-16.825481927710847,68.159,-16.919000000000004
829,Cambodia,KHM,2017,govt_lcy,,govt,lcy,,,,,,
830,Cambodia,KHM,2018,govt_lcy,,govt,lcy,,43.23,56.78403614457831,-13.554036144578312,54.802,-11.572000000000003
831,Cambodia,KHM,2019,govt_lcy,,govt,lcy,,,,,,
832,Cambodia,KHM,2020,govt_lcy,,govt,lcy,,33.6,47.19638554216868,-13.596385542168676,47.1,-13.5
833,Cambodia,KHM,2021,govt_lcy,,govt,lcy,,,,,,
834,Cambodia,KHM,2022,govt_lcy,,govt,lcy,,30.1,43.137951807228916,-13.037951807228914,36.61,-6.509999999999998
835,Cambodia,KHM,2023,govt_lcy,,govt,lcy,,,,,,
836,Cambodia,KHM,2024,govt_lcy,,govt,lcy,,31.2,47.23132530120482,-16.03132530120482,39.95,-8.750000000000004
837,South Korea,KOR,2016,govt_lcy,83862.65062,govt,lcy,,70.61,68.06548192771085,2.5445180722891507,68.159,2.4509999999999934
838,South Korea,KOR,2017,govt_lcy,94427.58104,govt,lcy,,,,,,
839,South Korea,KOR,2018,govt_lcy,87678.11333000001,govt,lcy,,62.3,56.78403614457831,5.515963855421688,54.802,7.4979999999999976
840,South Korea,KOR,2019,govt_lcy,87987.95681,govt,lcy,,,,,,
841,South Korea,KOR,2020,govt_lcy,160581.21876000002,govt,lcy,,66.5,47.19638554216868,19.303614457831323,47.1,19.4
842,South Korea,KOR,2021,govt_lcy,151839.76535,govt,lcy,,,,,,
843,South Korea,KOR,2022,govt_lcy,133251.60016,govt,lcy,,46.9,43.137951807228916,3.7620481927710827,36.61,10.29
844,South Korea,KOR,2023,govt_lcy,128644.12701000001,govt,lcy,,,,,,
845,South Korea,KOR,2024,govt_lcy,,govt,lcy,,50.6,47.23132530120482,3.368674698795182,39.95,10.649999999999999
846,Laos,LAO,2016,govt_lcy,,govt,lcy,,50.29,68.06548192771085,-17.77548192771085,68.159,-17.869000000000007
847,Laos,LAO,2017,govt_lcy,,govt,lcy,,,,,,
848,Laos,LAO,2018,govt_lcy,,govt,lcy,,42.94,56.78403614457831,-13.844036144578311,54.802,-11.862000000000002
849,Laos,LAO,2019,govt_lcy,,govt,lcy,,,,,,
850,Laos,LAO,2020,govt_lcy,292.04301,govt,lcy,,34.8,47.19638554216868,-12.39638554216868,47.1,-12.300000000000004
851,Laos,LAO,2021,govt_lcy,1642.45193,govt,lcy,,,,,,
852,Laos,LAO,2022,govt_lcy,368.85736,govt,lcy,,30.7,43.137951807228916,-12.437951807228917,36.61,-5.91
853,Laos,LAO,2023,govt_lcy,,govt,lcy,,,,,,
854,Laos,LAO,2024,govt_lcy,,govt,lcy,,26.3,47.23132530120482,-20.93132530120482,39.95,-13.650000000000002
855,Malaysia,MYS,2016,govt_lcy,20953.145200000003,govt,lcy,,74.23,68.06548192771085,6.164518072289155,68.159,6.070999999999998
856,Malaysia,MYS,2017,govt_lcy,31982.15742,govt,lcy,,,,,,
857,Malaysia,MYS,2018,govt_lcy,31764.848189999997,govt,lcy,,59.22,56.78403614457831,2.43596385542169,54.802,4.417999999999999
858,Malaysia,MYS,2019,govt_lcy,31214.86189,govt,lcy,,,,,,
859,Malaysia,MYS,2020,govt_lcy,45746.71044,govt,lcy,,47.9,47.19638554216868,0.7036144578313213,47.1,0.7999999999999972
860,Malaysia,MYS,2021,govt_lcy,50248.45794,govt,lcy,,,,,,
861,Malaysia,MYS,2022,govt_lcy,52679.38238,govt,lcy,,35.0,43.137951807228916,-8.137951807228916,36.61,-1.6099999999999994
862,Malaysia,MYS,2023,govt_lcy,50807.5751,govt,lcy,,,,,,
863,Malaysia,MYS,2024,govt_lcy,,govt,lcy,,41.0,47.23132530120482,-6.231325301204819,39.95,1.0499999999999972
864,Philippines,PHL,2016,govt_lcy,16340.161290000002,govt,lcy,,73.7,68.06548192771085,5.634518072289154,68.159,5.540999999999997
865,Philippines,PHL,2017,govt_lcy,27973.10532,govt,lcy,,,,,,
866,Philippines,PHL,2018,govt_lcy,20404.08326,govt,lcy,,57.65,56.78403614457831,0.8659638554216897,54.802,2.847999999999999
867,Philippines,PHL,2019,govt_lcy,29899.65453,govt,lcy,,,,,,
868,Philippines,PHL,2020,govt_lcy,60646.75411,govt,lcy,,38.4,47.19638554216868,-8.796385542168679,47.1,-8.700000000000003
869,Philippines,PHL,2021,govt_lcy,69242.58707,govt,lcy,,,,,,
870,Philippines,PHL,2022,govt_lcy,53783.86477,govt,lcy,,28.9,43.137951807228916,-14.237951807228917,36.61,-7.710000000000001
871,Philippines,PHL,2023,govt_lcy,45591.84105,govt,lcy,,,,,,
872,Philippines,PHL,2024,govt_lcy,,govt,lcy,,32.1,47.23132530120482,-15.131325301204818,39.95,-7.850000000000001
873,Singapore,SGP,2016,govt_lcy,19214.81891,govt,lcy,,87.04,68.06548192771085,18.974518072289158,68.159,18.881
874,Singapore,SGP,2017,govt_lcy,18712.57485,govt,lcy,,,,,,
875,Singapore,SGP,2018,govt_lcy,23405.97256,govt,lcy,,64.23,56.78403614457831,7.445963855421695,54.802,9.428000000000004
876,Singapore,SGP,2019,govt_lcy,65012.259450000005,govt,lcy,,,,,,
877,Singapore,SGP,2020,govt_lcy,101278.26942,govt,lcy,,58.1,47.19638554216868,10.903614457831324,47.1,11.0
878,Singapore,SGP,2021,govt_lcy,108747.22016,govt,lcy,,,,,,
879,Singapore,SGP,2022,govt_lcy,114893.61701999999,govt,lcy,,50.9,43.137951807228916,7.762048192771083,36.61,14.29
880,Singapore,SGP,2023,govt_lcy,134893.58479,govt,lcy,,,,,,
881,Singapore,SGP,2024,govt_lcy,,govt,lcy,,53.0,47.23132530120482,5.768674698795181,39.95,13.049999999999997
882,Thailand,THA,2016,govt_lcy,24650.39526,govt,lcy,,69.54,68.06548192771085,1.4745180722891575,68.159,1.3810000000000002
883,Thailand,THA,2017,govt_lcy,39368.431549999994,govt,lcy,,,,,,
884,Thailand,THA,2018,govt_lcy,30748.626640000002,govt,lcy,,49.88,56.78403614457831,-6.904036144578306,54.802,-4.921999999999997
885,Thailand,THA,2019,govt_lcy,24191.3972,govt,lcy,,,,,,
886,Thailand,THA,2020,govt_lcy,47311.03172,govt,lcy,,45.4,47.19638554216868,-1.7963855421686787,47.1,-1.7000000000000028
887,Thailand,THA,2021,govt_lcy,69450.71097,govt,lcy,,,,,,
888,Thailand,THA,2022,govt_lcy,67712.02137999999,govt,lcy,,38.1,43.137951807228916,-5.0379518072289144,36.61,1.490000000000002
889,Thailand,THA,2023,govt_lcy,63259.69537,govt,lcy,,,,,,
890,Thailand,THA,2024,govt_lcy,,govt,lcy,,45.7,47.23132530120482,-1.5313253012048165,39.95,5.75
891,Viet Nam,VNM,2016,govt_lcy,12378.637149999999,govt,lcy,,58.5,68.06548192771085,-9.565481927710849,68.159,-9.659000000000006
892,Viet Nam,VNM,2017,govt_lcy,7061.0035800000005,govt,lcy,,,,,,
893,Viet Nam,VNM,2018,govt_lcy,7154.13161,govt,lcy,,46.96,56.78403614457831,-9.824036144578308,54.802,-7.841999999999999
894,Viet Nam,VNM,2019,govt_lcy,8633.69007,govt,lcy,,,,,,
895,Viet Nam,VNM,2020,govt_lcy,13055.13464,govt,lcy,,33.4,47.19638554216868,-13.796385542168679,47.1,-13.700000000000003
896,Viet Nam,VNM,2021,govt_lcy,13940.813110000001,govt,lcy,,,,,,
897,Viet Nam,VNM,2022,govt_lcy,9085.68527,govt,lcy,,20.1,43.137951807228916,-23.037951807228914,36.61,-16.509999999999998
898,Viet Nam,VNM,2023,govt_lcy,12298.652600000001,govt,lcy,,,,,,
899,Viet Nam,VNM,2024,govt_lcy,,govt,lcy,,24.6,47.23132530120482,-22.631325301204818,39.95,-15.350000000000001
